facility,index,predate,postdate,change_area,image_area,proportion,cumulative_area,cumulative_prop,model
Amazon,0,2020-07-15,2020-11-02,1288400,169290000,0.007610609014117786,1288400,0.007610609014117786,TinyCD
Amazon,1,2020-11-02,2021-03-24,108200,169290000,0.0006391399373855514,1369300,0.008088487211294229,TinyCD
Amazon,2,2021-03-24,2021-05-23,74400,169290000,0.00043948254474570264,1441600,0.008515565006793077,TinyCD
Amazon,3,2021-05-23,2021-11-24,329600,169290000,0.0019469549294110697,1767000,0.010437710437710438,TinyCD
Amazon,4,2021-11-24,2022-01-18,996300,169290000,0.005885167464114833,2750700,0.016248449406344144,TinyCD
Amazon,5,2022-01-18,2022-03-07,1199200,169290000,0.007083702522299014,3728000,0.022021383424892196,TinyCD
Amazon,6,2022-03-07,2022-11-27,1108500,169290000,0.006547935495303916,4718900,0.02787465296237226,TinyCD
Amazon_baseline,7,2020-03-22,2020-05-01,133300,166662000,0.0007998223950270607,133300,0.0007998223950270607,TinyCD
Amazon_baseline,8,2020-05-01,2020-07-15,427400,166662000,0.002564471805210546,560700,0.0033642942002376068,TinyCD
Amazon_baseline,9,2020-07-15,2020-11-02,2128800,166662000,0.012773157648414156,2494500,0.014967419087734456,TinyCD
Amazon_baseline,10,2020-11-02,2021-01-28,962800,166662000,0.005776961754929138,3276600,0.01966015048421356,TinyCD
Amazon_baseline,11,2021-01-28,2021-03-24,497900,166662000,0.0029874836495421874,3572400,0.02143500018000504,TinyCD
Amazon_baseline,12,2021-03-24,2021-05-23,29900,166662000,0.00017940502334065354,3601300,0.02160840503534099,TinyCD
Amazon_baseline,13,2021-05-23,2021-07-27,435900,166662000,0.002615473233250531,4035400,0.024213077966183053,TinyCD
Amazon_baseline,14,2021-07-27,2021-09-15,7200,166662000,4.320120963386975e-05,4042600,0.024256279175816922,TinyCD
Amazon_baseline,15,2021-09-15,2021-11-24,119000,166662000,0.0007140199925597917,4138100,0.024829295220266168,TinyCD
Amazon_baseline,16,2021-11-24,2022-01-18,780700,166662000,0.004684331161272515,4861000,0.029166816670866784,TinyCD
Amazon_baseline,17,2022-01-18,2022-03-07,114500,166662000,0.0006870192365386231,4954500,0.02972783237930662,TinyCD
Amazon_baseline,18,2022-03-07,2022-07-07,1000,166662000,6.000168004704132e-06,4955500,0.029733832547311326,TinyCD
Amazon_baseline,19,2022-07-07,2022-09-08,2138000,166662000,0.012828359194057434,7030700,0.04218538119067334,TinyCD
Amazon_baseline,20,2022-09-08,2022-11-27,3681900,166662000,0.022092018576520142,9651100,0.057908221430200045,TinyCD
Carrapateena,21,2019-01-25,2019-03-26,39800,4743000,0.008391313514653173,39800,0.008391313514653173,TinyCD
Carrapateena,22,2019-03-26,2019-05-05,34600,4743000,0.007294960995150749,71500,0.015074847143158338,TinyCD
Carrapateena,23,2019-05-05,2019-07-14,117900,4743000,0.024857685009487665,171300,0.03611638203668564,TinyCD
Carrapateena,24,2019-07-14,2019-09-02,182400,4743000,0.03845667299177736,294600,0.06211258697027198,TinyCD
Carrapateena,25,2019-09-02,2019-11-16,196900,4743000,0.04151380982500527,376200,0.0793168880455408,TinyCD
Carrapateena,26,2019-11-16,2020-01-15,151500,4743000,0.03194180898165718,440400,0.09285262492093611,TinyCD
Carrapateena,27,2020-01-15,2020-03-20,113200,4743000,0.02386675100147586,511100,0.10775880244570947,TinyCD
Carrapateena,28,2020-03-20,2020-05-04,27900,4743000,0.0058823529411764705,525000,0.11068943706514864,TinyCD
Carrapateena,29,2020-05-04,2020-07-23,81900,4743000,0.01726755218216319,557700,0.11758380771663504,TinyCD
Carrapateena,30,2020-07-23,2020-09-11,40100,4743000,0.008454564621547544,564800,0.11908075057980182,TinyCD
Carrapateena,31,2020-09-11,2020-11-25,44600,4743000,0.009403331224963103,586500,0.12365591397849462,TinyCD
Carrapateena_baseline,32,2019-01-25,2019-03-26,0,4781700,0.0,0,0.0,TinyCD
Carrapateena_baseline,33,2019-03-26,2019-05-05,0,4781700,0.0,0,0.0,TinyCD
Carrapateena_baseline,34,2019-05-05,2019-07-14,0,4781700,0.0,0,0.0,TinyCD
Carrapateena_baseline,35,2019-07-14,2020-05-04,0,4781700,0.0,0,0.0,TinyCD
Carrapateena_baseline,36,2020-05-04,2020-09-11,0,4781700,0.0,0,0.0,TinyCD
Carrapateena_baseline,37,2020-09-11,2020-11-25,0,4781700,0.0,0,0.0,TinyCD
Craters,38,2020-01-06,2020-03-11,97300,83030000,0.0011718655907503313,97300,0.0011718655907503313,TinyCD
Craters,39,2020-03-11,2020-05-10,81700,83030000,0.0009839816933638443,175200,0.0021100806937251596,TinyCD
Craters,40,2020-05-10,2020-07-09,102600,83030000,0.0012356979405034325,274000,0.0033000120438395762,TinyCD
Craters,41,2020-07-09,2020-09-07,3700,83030000,4.4562206431410334e-05,277500,0.003342165482355775,TinyCD
Craters,42,2020-09-07,2020-11-01,2500,83030000,3.0109598940142117e-05,280000,0.003372275081295917,TinyCD
Craters,43,2020-11-01,2021-01-15,1107700,83030000,0.01334096109839817,1379900,0.016619294231000843,TinyCD
Craters,44,2021-01-15,2021-03-06,1962100,83030000,0.02363121763218114,2970800,0.03577983861254968,TinyCD
Craters,45,2021-03-06,2021-05-05,378200,83030000,0.004554980127664699,3271500,0.039401421173069974,TinyCD
Craters,46,2021-05-05,2021-07-24,158400,83030000,0.0019077441888474046,3390900,0.04083945561845116,TinyCD
Craters,47,2021-07-24,2021-09-27,6800,83030000,8.189810911718655e-05,3397500,0.04091894495965314,TinyCD
Craters,48,2021-09-27,2021-11-21,144800,83030000,0.0017439479706130314,3528900,0.04250150547994701,TinyCD
Craters,49,2021-11-21,2022-01-10,35000,83030000,0.00042153438516198964,3560500,0.0428820908105504,TinyCD
Craters,50,2022-01-10,2022-03-11,313700,83030000,0.003778152475009033,3841200,0.04626279657954956,TinyCD
Craters,51,2022-03-11,2022-05-15,166100,83030000,0.0020004817535830425,3963800,0.04773937131157413,TinyCD
Craters,52,2022-05-15,2022-07-24,51700,83030000,0.000622666506082139,4002400,0.04820426351920992,TinyCD
Craters,53,2022-07-24,2022-09-02,0,83030000,0.0,4002400,0.04820426351920992,TinyCD
Craters,54,2022-09-02,2022-11-06,40600,83030000,0.000488979886787908,4024800,0.0484740455257136,TinyCD
Craters_baseline,55,2020-03-11,2020-05-10,227200,78234200,0.0029041007641159495,227200,0.0029041007641159495,TinyCD
Craters_baseline,56,2020-05-10,2020-11-01,7600,78234200,9.714421570106168e-05,234800,0.003001244979817011,TinyCD
Craters_baseline,57,2020-11-01,2021-01-15,301100,78234200,0.0038487004404723253,533900,0.0068243811529995835,TinyCD
Craters_baseline,58,2021-01-15,2022-05-15,2188800,78234200,0.027977534121905765,2609600,0.03335625595966981,TinyCD
Craters_baseline,59,2022-05-15,2022-07-24,128600,78234200,0.0016437823867311227,2721000,0.03478018564770906,TinyCD
Iluka Western Australia,60,2019-01-27,2019-03-23,1267900,19535500,0.06490235724706304,1267900,0.06490235724706304,TinyCD
Iluka Western Australia,61,2019-03-23,2019-05-02,1599400,19535500,0.08187146476926621,2116700,0.10835146272171176,TinyCD
Iluka Western Australia,62,2019-05-02,2019-07-16,1495100,19535500,0.07653246653528192,2718200,0.1391415627959356,TinyCD
Iluka Western Australia,63,2019-07-16,2019-09-29,1410100,19535500,0.0721814133244606,3058700,0.1565713700698728,TinyCD
Iluka Western Australia,64,2019-09-29,2019-11-13,1214700,19535500,0.06217910982570193,3236800,0.16568810626807606,TinyCD
Iluka Western Australia,65,2019-11-13,2020-01-07,1501300,19535500,0.07684983747536536,3491100,0.1787054336976274,TinyCD
Iluka Western Australia,66,2020-01-07,2020-03-22,1543100,19535500,0.07898953187786338,3846500,0.1968979550049909,TinyCD
Iluka Western Australia,67,2020-03-22,2020-05-21,1809200,19535500,0.09261088787079931,4378800,0.22414578587699316,TinyCD
Iluka Western Australia,68,2020-05-21,2020-07-20,1110900,19535500,0.05686570602236953,4605000,0.23572470630390827,TinyCD
Iluka Western Australia,69,2020-07-20,2020-09-23,1034000,19535500,0.05292928258810883,4688500,0.2399989762227739,TinyCD
Iluka Western Australia,70,2020-09-23,2020-11-07,869700,19535500,0.04451895267589773,4732100,0.24223081057561874,TinyCD
Iluka Western Australia_baseline,71,2019-01-27,2019-03-23,16800,20520900,0.0008186775433826002,16800,0.0008186775433826002,TinyCD
Iluka Western Australia_baseline,72,2019-03-23,2019-05-02,31600,20520900,0.001539893474457748,48400,0.002358571017840348,TinyCD
Iluka Western Australia_baseline,73,2019-05-02,2019-07-16,108800,20520900,0.005301911709525411,145100,0.007070839972905672,TinyCD
Iluka Western Australia_baseline,74,2019-07-16,2019-09-29,0,20520900,0.0,145100,0.007070839972905672,TinyCD
Iluka Western Australia_baseline,75,2019-09-29,2019-11-13,29700,20520900,0.0014473049427656682,169700,0.008269617804287336,TinyCD
Iluka Western Australia_baseline,76,2019-11-13,2020-01-07,149200,20520900,0.00727063627813595,296100,0.014429191702118328,TinyCD
Iluka Western Australia_baseline,77,2020-01-07,2020-03-22,57700,20520900,0.002811767515070002,346900,0.01690471665472762,TinyCD
Iluka Western Australia_baseline,78,2020-03-22,2020-05-21,151000,20520900,0.007358351729212656,488100,0.02378550648363376,TinyCD
Iluka Western Australia_baseline,79,2020-05-21,2020-07-20,9000,20520900,0.0004385772553835358,496400,0.024189972174709685,TinyCD
Iluka Western Australia_baseline,80,2020-07-20,2020-09-23,4200,20520900,0.00020466938584565004,500600,0.024394641560555336,TinyCD
Iluka Western Australia_baseline,81,2020-09-23,2020-11-07,1900,20520900,9.258853169207978e-05,502500,0.024487230092247417,TinyCD
London,82,2020-01-19,2020-03-27,261400,26805800,0.00975162091786106,261400,0.00975162091786106,TinyCD
London,83,2020-03-27,2020-05-21,270800,26805800,0.010102291295167464,520100,0.019402517365644748,TinyCD
London,84,2020-05-21,2020-07-20,67100,26805800,0.002503189608219117,576200,0.021495348021696798,TinyCD
London,85,2020-07-20,2020-09-20,80900,26805800,0.003018003566392348,649000,0.02421117817785703,TinyCD
London,86,2020-09-20,2020-11-04,167100,26805800,0.006233725537010647,743300,0.027729073558707445,TinyCD
London,87,2020-11-04,2021-01-21,1078000,26805800,0.040215177312372695,1720600,0.06418760119078706,TinyCD
London,88,2021-01-21,2021-03-09,108100,26805800,0.004032709339023644,1768900,0.06598945004439338,TinyCD
London,89,2021-03-09,2021-07-22,323400,26805800,0.01206455319371181,1886300,0.07036909922479463,TinyCD
London,90,2021-07-22,2021-09-08,361900,26805800,0.013500809526296547,2054300,0.07663639958516441,TinyCD
London,91,2021-09-08,2021-11-02,152700,26805800,0.005696528363264667,2111900,0.07878518828014833,TinyCD
London,92,2021-11-02,2022-01-13,142400,26805800,0.005312283162599139,2160600,0.0806019592774698,TinyCD
London,93,2022-01-13,2022-03-19,220700,26805800,0.008233292794842906,2206600,0.0823180058047139,TinyCD
London,94,2022-03-19,2022-05-08,413100,26805800,0.015410843921837811,2432400,0.09074155593192518,TinyCD
London,95,2022-05-08,2022-07-10,550200,26805800,0.020525408680211,2816000,0.10505189175476949,TinyCD
London,96,2022-07-10,2022-09-25,305600,26805800,0.011400517798386916,2886400,0.10767818904863873,TinyCD
London,97,2022-09-25,2022-11-04,89000,26805800,0.003320176976624462,2929300,0.10927858896209029,TinyCD
London_baseline,98,2020-01-19,2020-03-27,87300,26998400,0.0032335249496266445,87300,0.0032335249496266445,TinyCD
London_baseline,99,2020-03-27,2020-05-21,13900,26998400,0.0005148453241673581,100300,0.003715034965034965,TinyCD
London_baseline,100,2020-05-21,2020-07-20,19100,26998400,0.0007074493303306863,119400,0.004422484295365651,TinyCD
London_baseline,101,2020-07-20,2020-09-20,20700,26998400,0.0007667121014578642,138600,0.005133637548891786,TinyCD
London_baseline,102,2020-09-20,2020-11-04,59300,26998400,0.0021964264549010314,195700,0.007248577693492948,TinyCD
London_baseline,103,2020-11-04,2021-01-21,1063000,26998400,0.03937270356761882,1232600,0.04565455730709968,TinyCD
London_baseline,104,2021-01-21,2021-03-09,147200,26998400,0.005452174943700368,1290900,0.047813944530046226,TinyCD
London_baseline,105,2021-03-09,2021-07-22,115600,26998400,0.004281735213938604,1373100,0.05085856939670499,TinyCD
London_baseline,106,2021-07-22,2021-09-08,58000,26998400,0.002148275453360199,1393600,0.05161787365177196,TinyCD
London_baseline,107,2021-09-08,2021-11-02,63100,26998400,0.0023371755363280787,1429500,0.05294758207893801,TinyCD
London_baseline,108,2021-11-02,2022-01-13,42500,26998400,0.001574167358065663,1446500,0.05357724902216428,TinyCD
London_baseline,109,2022-01-13,2022-03-19,99100,26998400,0.0036705878866895815,1492100,0.05526623799928885,TinyCD
London_baseline,110,2022-03-19,2022-05-08,178300,26998400,0.006604095057484888,1629300,0.060348020623444354,TinyCD
London_baseline,111,2022-05-08,2022-07-10,171600,26998400,0.006355932203389831,1745800,0.064663091146142,TinyCD
London_baseline,112,2022-07-10,2022-09-25,215900,26998400,0.007996770178973569,1872700,0.0693633696811663,TinyCD
London_baseline,113,2022-09-25,2022-11-04,428600,26998400,0.01587501481569278,2158600,0.07995288609695389,TinyCD
Meliadine,114,2019-07-21,2019-09-13,36700,22447200,0.0016349477885883317,36700,0.0016349477885883317,TinyCD
Meliadine,115,2019-09-13,2020-07-12,689700,22447200,0.030725435689083716,694900,0.03095709041662212,TinyCD
Meliadine,116,2020-07-12,2020-09-27,258500,22447200,0.011515912897822446,777900,0.03465465626002352,TinyCD
Meliadine_baseline,117,2019-01-29,2019-03-12,56100,21451300,0.00261522611683208,56100,0.00261522611683208,TinyCD
Meliadine_baseline,118,2019-03-12,2019-05-01,20100,21451300,0.0009370061488114939,76200,0.003552232265643574,TinyCD
Meliadine_baseline,119,2019-05-01,2019-07-21,1000,21451300,4.6617221333905174e-05,77200,0.003598849486977479,TinyCD
Meliadine_baseline,120,2019-07-21,2019-09-13,6900,21451300,0.0003216588272039457,84100,0.003920508314181425,TinyCD
Meliadine_baseline,121,2019-09-13,2019-11-17,122500,21451300,0.005710609613403384,204700,0.009542545207050388,TinyCD
Meliadine_baseline,122,2019-11-17,2020-01-26,1932300,21451300,0.09007845678350496,2082000,0.09705705481719057,TinyCD
Meliadine_baseline,123,2020-01-26,2020-03-04,18800,21451300,0.0008764037610774172,2097200,0.09776563658146592,TinyCD
Meliadine_baseline,124,2020-03-04,2020-05-13,96100,21451300,0.004479914970188287,2183800,0.10180268794898212,TinyCD
Meliadine_baseline,125,2020-05-13,2020-07-12,2600,21451300,0.00012120477546815345,2185600,0.10188659894738314,TinyCD
Meliadine_baseline,126,2020-07-12,2020-09-27,8300,21451300,0.0003869229370714129,2189500,0.10206840611058537,TinyCD
Meliadine_baseline,127,2020-09-27,2020-11-12,90500,21451300,0.004218858530718418,2258100,0.10526634749409126,TinyCD
Merthyr Tydfil,128,2021-01-09,2021-03-25,922100,18080800,0.05099884960842441,922100,0.05099884960842441,TinyCD
Merthyr Tydfil,129,2021-03-25,2021-05-19,70000,18080800,0.003871510110172116,946000,0.052320693774611744,TinyCD
Merthyr Tydfil,130,2021-05-19,2021-07-18,191400,18080800,0.010585814786956329,1132400,0.0626299721251272,TinyCD
Merthyr Tydfil,131,2021-07-18,2021-09-06,297300,18080800,0.01644285651077386,1338000,0.07400115039157559,TinyCD
Merthyr Tydfil,132,2021-09-06,2021-11-25,320700,18080800,0.01773704703331711,1597900,0.08837551435777179,TinyCD
Merthyr Tydfil,133,2021-11-25,2022-01-14,28400,18080800,0.0015707269589841158,1605700,0.08880691119861953,TinyCD
Merthyr Tydfil,134,2022-01-14,2022-03-20,250800,18080800,0.013871067651873811,1723700,0.09533317109862395,TinyCD
Merthyr Tydfil,135,2022-03-20,2022-05-14,306900,18080800,0.016973806468740322,1845200,0.10205300650413698,TinyCD
Merthyr Tydfil,136,2022-05-14,2022-07-18,354800,18080800,0.019623025529843813,2023900,0.11193641874253352,TinyCD
Merthyr Tydfil,137,2022-07-18,2022-09-16,156600,18080800,0.008661121189327907,2055400,0.11367859829211097,TinyCD
Merthyr Tydfil,138,2022-09-16,2022-11-25,216800,18080800,0.011990619884075926,2091300,0.11566412990575638,TinyCD
Merthyr Tydfil,139,2022-11-25,2023-01-19,23300,18080800,0.001288659793814433,2103500,0.11633887881067209,TinyCD
Merthyr Tydfil,140,2023-01-19,2023-05-24,257100,18080800,0.0142195035617893,2297000,0.1270408389009336,TinyCD
Merthyr Tydfil_baseline,141,2021-01-09,2021-03-25,366700,17366000,0.02111597374179431,366700,0.02111597374179431,TinyCD
Merthyr Tydfil_baseline,142,2021-03-25,2021-05-19,4100,17366000,0.00023609351606587584,370800,0.021352067257860187,TinyCD
Merthyr Tydfil_baseline,143,2021-05-19,2021-07-18,18900,17366000,0.0010883335252792814,389700,0.02244040078313947,TinyCD
Merthyr Tydfil_baseline,144,2021-07-18,2021-09-06,1800,17366000,0.00010365081193136013,390200,0.022469192675342625,TinyCD
Merthyr Tydfil_baseline,145,2021-09-06,2021-11-25,4700,17366000,0.0002706437867096626,394700,0.022728319705171023,TinyCD
Merthyr Tydfil_baseline,146,2021-11-25,2022-01-14,2300,17366000,0.00013244270413451573,397000,0.02286076240930554,TinyCD
Merthyr Tydfil_baseline,147,2022-01-14,2022-03-20,16500,17366000,0.0009501324427041345,413500,0.023810894852009674,TinyCD
Merthyr Tydfil_baseline,148,2022-03-20,2022-05-14,236800,17366000,0.013635840147414488,650100,0.0374352182425429,TinyCD
Merthyr Tydfil_baseline,149,2022-05-14,2022-07-18,61100,17366000,0.0035183692272256132,691800,0.039836462052286074,TinyCD
Merthyr Tydfil_baseline,150,2022-07-18,2022-09-16,132400,17366000,0.007624093055395601,823000,0.047391454566394105,TinyCD
Merthyr Tydfil_baseline,151,2022-09-16,2022-11-25,189400,17366000,0.010906368766555338,928500,0.05346654382125993,TinyCD
Merthyr Tydfil_baseline,152,2022-11-25,2023-01-19,68600,17366000,0.003950247610272947,987300,0.05685247034435103,TinyCD
Merthyr Tydfil_baseline,153,2023-01-19,2023-05-24,145500,17366000,0.008378440631118277,1113700,0.06413106069330876,TinyCD
MetCoal,154,2019-01-06,2019-05-01,241700,55820400,0.0043299582231585585,241700,0.0043299582231585585,TinyCD
MetCoal,155,2019-05-01,2019-07-15,482300,55820400,0.0086402103890334,703900,0.012610085201825856,TinyCD
MetCoal,156,2019-07-15,2019-11-27,134200,55820400,0.002404138988613482,818000,0.014654140780073235,TinyCD
MetCoal,157,2019-11-27,2020-01-21,230300,55820400,0.004125731811309127,1046600,0.018749417775580254,TinyCD
MetCoal,158,2020-01-21,2020-05-20,338400,55820400,0.006062299804372595,1283600,0.022995177390344748,TinyCD
MetCoal,159,2020-05-20,2020-07-24,174600,55820400,0.0031278887288518176,1454900,0.026063947947345414,TinyCD
MetCoal,160,2020-07-24,2020-11-16,328500,55820400,0.005884945288819141,1776800,0.031830656892462256,TinyCD
MetCoal_baseline,161,2019-01-06,2019-03-17,180700,51689700,0.0034958608775055764,180700,0.0034958608775055764,TinyCD
MetCoal_baseline,162,2019-03-17,2019-05-01,543500,51689700,0.01051466733217643,717500,0.013880908575596299,TinyCD
MetCoal_baseline,163,2019-05-01,2019-07-15,304300,51689700,0.005887052933176242,1017400,0.019682838166984913,TinyCD
MetCoal_baseline,164,2019-07-15,2019-09-23,6300,51689700,0.00012188114846865043,1023000,0.019791176965623714,TinyCD
MetCoal_baseline,165,2019-09-23,2019-11-27,49000,51689700,0.0009479644880895033,1068500,0.020671429704563964,TinyCD
MetCoal_baseline,166,2019-11-27,2020-01-21,170000,51689700,0.0032888563872492975,1238200,0.02395448222760047,TinyCD
MetCoal_baseline,167,2020-01-21,2020-03-11,642500,51689700,0.012429942522398079,1808400,0.03498569347471547,TinyCD
MetCoal_baseline,168,2020-03-11,2020-05-20,619700,51689700,0.01198884884222582,2342900,0.045326244880508106,TinyCD
MetCoal_baseline,169,2020-05-20,2020-07-24,858400,51689700,0.016606790134204685,3160400,0.0611417748603687,TinyCD
MetCoal_baseline,170,2020-07-24,2020-11-16,60700,51689700,0.0011743151923884255,3218300,0.062261920653437726,TinyCD
Ubuntu,171,2019-01-12,2019-03-28,139500,8738100,0.01596456895663817,139500,0.01596456895663817,TinyCD
Ubuntu,172,2019-03-28,2019-05-17,56700,8738100,0.006488824801730353,183700,0.02102287682677012,TinyCD
Ubuntu,173,2019-05-17,2019-07-16,57300,8738100,0.006557489614447076,229600,0.026275734999599454,TinyCD
Ubuntu,174,2019-07-16,2019-09-19,264900,8738100,0.030315514814433342,445000,0.05092640276490312,TinyCD
Ubuntu,175,2019-09-19,2019-11-28,121200,8738100,0.013870292168778109,493900,0.05652258500131607,TinyCD
Ubuntu,176,2019-11-28,2020-01-27,194300,8738100,0.022235955184765566,570100,0.06524301621633993,TinyCD
Ubuntu,177,2020-01-27,2020-03-07,302800,8738100,0.0346528421510397,733400,0.08393128941074146,TinyCD
Ubuntu,178,2020-03-07,2020-05-21,235400,8738100,0.026939494855861112,783600,0.08967624540804064,TinyCD
Ubuntu,179,2020-05-21,2020-07-20,359600,8738100,0.04115311108822284,894000,0.10231057094791773,TinyCD
Ubuntu,180,2020-07-20,2020-09-18,401800,8738100,0.045982536249299044,1006100,0.1151394467904922,TinyCD
Ubuntu,181,2020-09-18,2020-11-07,180300,8738100,0.020633776221375355,1043700,0.1194424417207402,TinyCD
Ubuntu,182,2020-11-07,2021-01-21,153400,8738100,0.017555303784575593,1063400,0.12169693640493928,TinyCD
Ubuntu,183,2021-01-21,2021-03-27,274500,8738100,0.031414151817900915,1125900,0.1288495210629313,TinyCD
Ubuntu,184,2021-03-27,2021-05-26,194000,8738100,0.022201622778407204,1164400,0.13325551321225437,TinyCD
Ubuntu,185,2021-05-26,2021-07-10,257900,8738100,0.029514425332738237,1289600,0.14758357079914397,TinyCD
Ubuntu,186,2021-07-10,2021-09-03,316700,8738100,0.03624357697897712,1427500,0.16336503358853754,TinyCD
Ubuntu,187,2021-09-03,2021-11-02,319000,8738100,0.03650679209439123,1517300,0.17364186722514047,TinyCD
Ubuntu_baseline,188,2019-01-12,2019-03-28,9000,8523800,0.0010558671015274876,9000,0.0010558671015274876,TinyCD
Ubuntu_baseline,189,2019-03-28,2019-05-17,72800,8523800,0.008540791665689012,80600,0.009455876487012835,TinyCD
Ubuntu_baseline,190,2019-05-17,2019-07-16,31000,8523800,0.003636875571928013,111400,0.01306928834557357,TinyCD
Ubuntu_baseline,191,2019-07-16,2019-09-19,16700,8523800,0.001959220066167672,126500,0.014840798704803022,TinyCD
Ubuntu_baseline,192,2019-09-19,2019-11-28,22400,8523800,0.0026279358971350807,148900,0.017468734601938103,TinyCD
Ubuntu_baseline,193,2019-11-28,2020-01-27,900,8523800,0.00010558671015274877,149800,0.01757432131209085,TinyCD
Ubuntu_baseline,194,2020-01-27,2020-03-07,10000,8523800,0.0011731856683638753,159700,0.018735775123771087,TinyCD
Ubuntu_baseline,195,2020-03-07,2020-05-21,1100,8523800,0.00012905042352002628,160700,0.018853093690607475,TinyCD
Ubuntu_baseline,196,2020-05-21,2020-07-20,19600,8523800,0.0022994439099931954,178700,0.02096482789366245,TinyCD
Ubuntu_baseline,197,2020-07-20,2020-09-18,46600,8523800,0.005467045214575659,222800,0.02613857669114714,TinyCD
Ubuntu_baseline,198,2020-09-18,2020-11-07,8300,8523800,0.0009737441047420165,225700,0.026478800534972664,TinyCD
Ubuntu_baseline,199,2020-11-07,2021-01-21,700,8523800,8.212299678547127e-05,226100,0.02652572796170722,TinyCD
Ubuntu_baseline,200,2021-01-21,2021-03-27,3900,8523800,0.00045754241066191134,229900,0.026971538515685494,TinyCD
Ubuntu_baseline,201,2021-03-27,2021-05-26,21700,8523800,0.0025458129003496093,250600,0.029400032849198714,TinyCD
Ubuntu_baseline,202,2021-05-26,2021-07-10,156600,8523800,0.018372087566578287,365800,0.04291513174875056,TinyCD
Ubuntu_baseline,203,2021-07-10,2021-09-03,39400,8523800,0.004622351533353669,402100,0.04717379572491143,TinyCD
Ubuntu_baseline,204,2021-09-03,2021-11-02,38600,8523800,0.004528496679884558,429100,0.05034139702949389,TinyCD
Amazon,0,2020-07-15,2020-11-02,100,169290000,5.9070234508831e-07,100,5.9070234508831e-07,LSNet
Amazon,1,2020-11-02,2021-03-24,38100,169290000,0.0002250575934786461,38200,0.0002256482958237344,LSNet
Amazon,2,2021-03-24,2021-05-23,465900,169290000,0.0027520822257664362,504100,0.002977730521590171,LSNet
Amazon,3,2021-05-23,2021-11-24,825500,169290000,0.004876247858703999,1239800,0.007323527674404868,LSNet
Amazon,4,2021-11-24,2022-01-18,2700,169290000,1.594896331738437e-05,1242500,0.007339476637722252,LSNet
Amazon,5,2022-01-18,2022-03-07,102500,169290000,0.0006054699037155178,1342800,0.007931951089845827,LSNet
Amazon,6,2022-03-07,2022-11-27,32200,169290000,0.0001902061551184358,1374900,0.008121566542619174,LSNet
Amazon_baseline,7,2020-03-22,2020-05-01,43600,166662000,0.00026160732500510016,43600,0.00026160732500510016,LSNet
Amazon_baseline,8,2020-05-01,2020-07-15,2900,166662000,1.7400487213641982e-05,46500,0.00027900781221874214,LSNet
Amazon_baseline,9,2020-07-15,2020-11-02,100,166662000,6.000168004704131e-07,46600,0.0002796078290192125,LSNet
Amazon_baseline,10,2020-11-02,2021-01-28,2400,166662000,1.4400403211289916e-05,49000,0.00029400823223050247,LSNet
Amazon_baseline,11,2021-01-28,2021-03-24,70200,166662000,0.00042121179393023005,119200,0.0007152200261607325,LSNet
Amazon_baseline,12,2021-03-24,2021-05-23,958200,166662000,0.005749360982107499,1077400,0.006464581008268231,LSNet
Amazon_baseline,13,2021-05-23,2021-07-27,1045900,166662000,0.0062755757161200515,2087200,0.012523550659418464,LSNet
Amazon_baseline,14,2021-07-27,2021-09-15,0,166662000,0.0,2087200,0.012523550659418464,LSNet
Amazon_baseline,15,2021-09-15,2021-11-24,8800,166662000,5.280147844139636e-05,2096000,0.01257635213785986,LSNet
Amazon_baseline,16,2021-11-24,2022-01-18,14100,166662000,8.460236886632826e-05,2110100,0.012660954506726189,LSNet
Amazon_baseline,17,2022-01-18,2022-03-07,1428700,166662000,0.008572440028320793,3533300,0.02120039361102111,LSNet
Amazon_baseline,18,2022-03-07,2022-07-07,5100,166662000,3.060085682399107e-05,3538400,0.0212309944678451,LSNet
Amazon_baseline,19,2022-07-07,2022-09-08,800,166662000,4.800134403763305e-06,3538700,0.02123279451824651,LSNet
Amazon_baseline,20,2022-09-08,2022-11-27,90600,166662000,0.0005436152212261944,3629100,0.021775209705871764,LSNet
Carrapateena,21,2019-01-25,2019-03-26,90200,4743000,0.019017499472907443,90200,0.019017499472907443,LSNet
Carrapateena,22,2019-03-26,2019-05-05,35600,4743000,0.007505798018131984,116900,0.02464684798650643,LSNet
Carrapateena,23,2019-05-05,2019-07-14,191500,4743000,0.0403752899009066,286100,0.06032047227493148,LSNet
Carrapateena,24,2019-07-14,2019-09-02,248500,4743000,0.052393000210837024,405300,0.08545224541429475,LSNet
Carrapateena,25,2019-09-02,2019-11-16,381700,4743000,0.08047649167193759,570600,0.12030360531309298,LSNet
Carrapateena,26,2019-11-16,2020-01-15,339100,4743000,0.07149483449293696,725400,0.15294117647058825,LSNet
Carrapateena,27,2020-01-15,2020-03-20,263100,4743000,0.05547122074636306,868600,0.18313303816150117,LSNet
Carrapateena,28,2020-03-20,2020-05-04,93500,4743000,0.01971326164874552,906900,0.1912080961416825,LSNet
Carrapateena,29,2020-05-04,2020-07-23,104100,4743000,0.021948134092346618,921400,0.19426523297491038,LSNet
Carrapateena,30,2020-07-23,2020-09-11,32000,4743000,0.006746784735399536,928400,0.19574109213577903,LSNet
Carrapateena,31,2020-09-11,2020-11-25,90300,4743000,0.019038583175205567,956000,0.20156019397006114,LSNet
Carrapateena_baseline,32,2019-01-25,2019-03-26,0,4781700,0.0,0,0.0,LSNet
Carrapateena_baseline,33,2019-03-26,2019-05-05,0,4781700,0.0,0,0.0,LSNet
Carrapateena_baseline,34,2019-05-05,2019-07-14,0,4781700,0.0,0,0.0,LSNet
Carrapateena_baseline,35,2019-07-14,2020-05-04,0,4781700,0.0,0,0.0,LSNet
Carrapateena_baseline,36,2020-05-04,2020-09-11,0,4781700,0.0,0,0.0,LSNet
Carrapateena_baseline,37,2020-09-11,2020-11-25,0,4781700,0.0,0,0.0,LSNet
Craters,38,2020-01-06,2020-03-11,28200,83030000,0.0003396362760448031,28200,0.0003396362760448031,LSNet
Craters,39,2020-03-11,2020-05-10,8500,83030000,0.0001023726363964832,36700,0.0004420089124412863,LSNet
Craters,40,2020-05-10,2020-07-09,0,83030000,0.0,36700,0.0004420089124412863,LSNet
Craters,41,2020-07-09,2020-09-07,0,83030000,0.0,36700,0.0004420089124412863,LSNet
Craters,42,2020-09-07,2020-11-01,0,83030000,0.0,36700,0.0004420089124412863,LSNet
Craters,43,2020-11-01,2021-01-15,177400,83030000,0.0021365771407924846,212200,0.002555702758039263,LSNet
Craters,44,2021-01-15,2021-03-06,259300,83030000,0.0031229676020715406,436600,0.00525834035890642,LSNet
Craters,45,2021-03-06,2021-05-05,156000,83030000,0.0018788389738648682,569100,0.006854149102733952,LSNet
Craters,46,2021-05-05,2021-07-24,0,83030000,0.0,569100,0.006854149102733952,LSNet
Craters,47,2021-07-24,2021-09-27,0,83030000,0.0,569100,0.006854149102733952,LSNet
Craters,48,2021-09-27,2021-11-21,3000,83030000,3.613151872817054e-05,572100,0.006890280621462122,LSNet
Craters,49,2021-11-21,2022-01-10,0,83030000,0.0,572100,0.006890280621462122,LSNet
Craters,50,2022-01-10,2022-03-11,1680300,83030000,0.02023726363964832,2223900,0.02678429483319282,LSNet
Craters,51,2022-03-11,2022-05-15,200,83030000,2.4087679152113693e-06,2224100,0.026786703601108033,LSNet
Craters,52,2022-05-15,2022-07-24,1700,83030000,2.047452727929664e-05,2225800,0.02680717812838733,LSNet
Craters,53,2022-07-24,2022-09-02,0,83030000,0.0,2225800,0.02680717812838733,LSNet
Craters,54,2022-09-02,2022-11-06,0,83030000,0.0,2225800,0.02680717812838733,LSNet
Craters_baseline,55,2020-03-11,2020-05-10,0,78234200,0.0,0,0.0,LSNet
Craters_baseline,56,2020-05-10,2020-11-01,2500,78234200,3.1955334112191345e-05,2500,3.1955334112191345e-05,LSNet
Craters_baseline,57,2020-11-01,2021-01-15,1284300,78234200,0.016416094240114937,1286800,0.016448049574227127,LSNet
Craters_baseline,58,2021-01-15,2022-05-15,496900,78234200,0.006351442208139151,1778500,0.022733024687412923,LSNet
Craters_baseline,59,2022-05-15,2022-07-24,0,78234200,0.0,1778500,0.022733024687412923,LSNet
Iluka Western Australia,60,2019-01-27,2019-03-23,1230300,19535500,0.0629776560620409,1230300,0.0629776560620409,LSNet
Iluka Western Australia,61,2019-03-23,2019-05-02,1509000,19535500,0.07724399170740447,2149300,0.11002021960021499,LSNet
Iluka Western Australia,62,2019-05-02,2019-07-16,2115900,19535500,0.10831051163266874,3143000,0.16088659107778147,LSNet
Iluka Western Australia,63,2019-07-16,2019-09-29,1398900,19535500,0.07160809807785826,3486400,0.17846484604949964,LSNet
Iluka Western Australia,64,2019-09-29,2019-11-13,1159300,19535500,0.0593432469094725,3687300,0.1887486882854291,LSNet
Iluka Western Australia,65,2019-11-13,2020-01-07,1281500,19535500,0.06559852576079445,3865900,0.19789101891428426,LSNet
Iluka Western Australia,66,2020-01-07,2020-03-22,1801800,19535500,0.09223209029715133,4324800,0.22138158736658903,LSNet
Iluka Western Australia,67,2020-03-22,2020-05-21,1900300,19535500,0.0972741931355737,4833900,0.2474418366563436,LSNet
Iluka Western Australia,68,2020-05-21,2020-07-20,1437500,19535500,0.07358398812418418,5133200,0.262762662844565,LSNet
Iluka Western Australia,69,2020-07-20,2020-09-23,1080300,19535500,0.055299326866473854,5248100,0.26864426300836936,LSNet
Iluka Western Australia,70,2020-09-23,2020-11-07,831100,19535500,0.042543062629571804,5330200,0.27284686852140977,LSNet
Iluka Western Australia_baseline,71,2019-01-27,2019-03-23,700,20520900,3.411156430760834e-05,700,3.411156430760834e-05,LSNet
Iluka Western Australia_baseline,72,2019-03-23,2019-05-02,2000,20520900,9.74616123074524e-05,2700,0.00013157317661506075,LSNet
Iluka Western Australia_baseline,73,2019-05-02,2019-07-16,0,20520900,0.0,2700,0.00013157317661506075,LSNet
Iluka Western Australia_baseline,74,2019-07-16,2019-09-29,0,20520900,0.0,2700,0.00013157317661506075,LSNet
Iluka Western Australia_baseline,75,2019-09-29,2019-11-13,0,20520900,0.0,2700,0.00013157317661506075,LSNet
Iluka Western Australia_baseline,76,2019-11-13,2020-01-07,14000,20520900,0.0006822312861521668,16700,0.0008138044627672275,LSNet
Iluka Western Australia_baseline,77,2020-01-07,2020-03-22,600,20520900,2.923848369223572e-05,17300,0.0008430429464594633,LSNet
Iluka Western Australia_baseline,78,2020-03-22,2020-05-21,9700,20520900,0.00047268881969114414,26600,0.001296239443689117,LSNet
Iluka Western Australia_baseline,79,2020-05-21,2020-07-20,0,20520900,0.0,26600,0.001296239443689117,LSNet
Iluka Western Australia_baseline,80,2020-07-20,2020-09-23,0,20520900,0.0,26600,0.001296239443689117,LSNet
Iluka Western Australia_baseline,81,2020-09-23,2020-11-07,0,20520900,0.0,26600,0.001296239443689117,LSNet
London,82,2020-01-19,2020-03-27,102600,26805800,0.00382752986294011,102600,0.00382752986294011,LSNet
London,83,2020-03-27,2020-05-21,124500,26805800,0.004644517231345455,219400,0.008184795827768617,LSNet
London,84,2020-05-21,2020-07-20,719500,26805800,0.02684120600765506,915300,0.034145595356228874,LSNet
London,85,2020-07-20,2020-09-20,97200,26805800,0.0036260809227853675,937600,0.034977504868349385,LSNet
London,86,2020-09-20,2020-11-04,6700,26805800,0.0002499459072290325,939700,0.035055846122854006,LSNet
London,87,2020-11-04,2021-01-21,2124400,26805800,0.07925150527124726,2958400,0.11036417491736863,LSNet
London,88,2021-01-21,2021-03-09,1196200,26805800,0.04462467078020428,3650500,0.1361832140805348,LSNet
London,89,2021-03-09,2021-07-22,263800,26805800,0.009841153780152056,3870100,0.144375470980161,LSNet
London,90,2021-07-22,2021-09-08,29000,26805800,0.0010818554193495439,3876500,0.14461422527960366,LSNet
London,91,2021-09-08,2021-11-02,5800,26805800,0.00021637108386990875,3876500,0.14461422527960366,LSNet
London,92,2021-11-02,2022-01-13,5600,26805800,0.00020891001201232568,3876700,0.14462168635146125,LSNet
London,93,2022-01-13,2022-03-19,211800,26805800,0.00790127509718046,4025100,0.15015780166978787,LSNet
London,94,2022-03-19,2022-05-08,117000,26805800,0.0043647270366860905,4094000,0.15272814092472525,LSNet
London,95,2022-05-08,2022-07-10,88700,26805800,0.003308985368838087,4127800,0.15398906206865678,LSNet
London,96,2022-07-10,2022-09-25,59800,26805800,0.002230860485417335,4142600,0.15454118138611794,LSNet
London,97,2022-09-25,2022-11-04,63300,26805800,0.0023614292429250386,4176200,0.15579464145819188,LSNet
London_baseline,98,2020-01-19,2020-03-27,29400,26998400,0.001088953419461894,29400,0.001088953419461894,LSNet
London_baseline,99,2020-03-27,2020-05-21,49000,26998400,0.0018149223657698233,77700,0.002877948322863577,LSNet
London_baseline,100,2020-05-21,2020-07-20,262900,26998400,0.00973761408083442,337400,0.012497036861443642,LSNet
London_baseline,101,2020-07-20,2020-09-20,17600,26998400,0.000651890482398957,353300,0.013085960649519971,LSNet
London_baseline,102,2020-09-20,2020-11-04,100,26998400,3.7039231954486193e-06,353400,0.01308966457271542,LSNet
London_baseline,103,2020-11-04,2021-01-21,1553600,26998400,0.057544150764489745,1864300,0.0690522401327486,LSNet
London_baseline,104,2021-01-21,2021-03-09,1046100,26998400,0.038746740547588004,2357700,0.08732739717909209,LSNet
London_baseline,105,2021-03-09,2021-07-22,118900,26998400,0.004403964679388408,2442100,0.09045350835605073,LSNet
London_baseline,106,2021-07-22,2021-09-08,1900,26998400,7.037454071352376e-05,2443200,0.09049425151120066,LSNet
London_baseline,107,2021-09-08,2021-11-02,1400,26998400,5.185492473628067e-05,2444400,0.09053869858954605,LSNet
London_baseline,108,2021-11-02,2022-01-13,300,26998400,1.1111769586345857e-05,2444400,0.09053869858954605,LSNet
London_baseline,109,2022-01-13,2022-03-19,464000,26998400,0.017186203626881592,2870400,0.10631741140215717,LSNet
London_baseline,110,2022-03-19,2022-05-08,59900,26998400,0.0022186499940737227,2916400,0.10802121607206353,LSNet
London_baseline,111,2022-05-08,2022-07-10,26500,26998400,0.000981539646793884,2930400,0.10853976531942634,LSNet
London_baseline,112,2022-07-10,2022-09-25,23600,26998400,0.0008741258741258741,2934300,0.10868421832404883,LSNet
London_baseline,113,2022-09-25,2022-11-04,41600,26998400,0.0015408320493066256,2962200,0.10971761289557899,LSNet
Meliadine,114,2019-07-21,2019-09-13,123000,22447200,0.005479525286004491,123000,0.005479525286004491,LSNet
Meliadine,115,2019-09-13,2020-07-12,341200,22447200,0.015200114045404327,415500,0.01851010371003956,LSNet
Meliadine,116,2020-07-12,2020-09-27,346800,22447200,0.015449588367368759,680600,0.030320039915891515,LSNet
Meliadine_baseline,117,2019-01-29,2019-03-12,0,21451300,0.0,0,0.0,LSNet
Meliadine_baseline,118,2019-03-12,2019-05-01,0,21451300,0.0,0,0.0,LSNet
Meliadine_baseline,119,2019-05-01,2019-07-21,0,21451300,0.0,0,0.0,LSNet
Meliadine_baseline,120,2019-07-21,2019-09-13,0,21451300,0.0,0,0.0,LSNet
Meliadine_baseline,121,2019-09-13,2019-11-17,0,21451300,0.0,0,0.0,LSNet
Meliadine_baseline,122,2019-11-17,2020-01-26,300,21451300,1.3985166400171551e-05,300,1.3985166400171551e-05,LSNet
Meliadine_baseline,123,2020-01-26,2020-03-04,0,21451300,0.0,300,1.3985166400171551e-05,LSNet
Meliadine_baseline,124,2020-03-04,2020-05-13,25200,21451300,0.0011747539776144104,25500,0.0011887391440145818,LSNet
Meliadine_baseline,125,2020-05-13,2020-07-12,0,21451300,0.0,25500,0.0011887391440145818,LSNet
Meliadine_baseline,126,2020-07-12,2020-09-27,0,21451300,0.0,25500,0.0011887391440145818,LSNet
Meliadine_baseline,127,2020-09-27,2020-11-12,0,21451300,0.0,25500,0.0011887391440145818,LSNet
Merthyr Tydfil,128,2021-01-09,2021-03-25,878900,18080800,0.04860957479757533,878900,0.04860957479757533,LSNet
Merthyr Tydfil,129,2021-03-25,2021-05-19,458800,18080800,0.025374983407813814,1129600,0.062475111720720324,LSNet
Merthyr Tydfil,130,2021-05-19,2021-07-18,179000,18080800,0.009900004424582984,1292000,0.07145701517631964,LSNet
Merthyr Tydfil,131,2021-07-18,2021-09-06,53700,18080800,0.002970001327374895,1338000,0.07400115039157559,LSNet
Merthyr Tydfil,132,2021-09-06,2021-11-25,166100,18080800,0.00918654041856555,1468900,0.08124087429759745,LSNet
Merthyr Tydfil,133,2021-11-25,2022-01-14,23000,18080800,0.0012720676076279811,1475500,0.0816059023936994,LSNet
Merthyr Tydfil,134,2022-01-14,2022-03-20,110500,18080800,0.006111455245343126,1535100,0.08490221671607451,LSNet
Merthyr Tydfil,135,2022-03-20,2022-05-14,314500,18080800,0.017394141852130438,1644100,0.09093071103048538,LSNet
Merthyr Tydfil,136,2022-05-14,2022-07-18,353800,18080800,0.01956771824255564,1750000,0.0967877527543029,LSNet
Merthyr Tydfil,137,2022-07-18,2022-09-16,204300,18080800,0.011299278792973762,1797700,0.09942591035794876,LSNet
Merthyr Tydfil,138,2022-09-16,2022-11-25,307700,18080800,0.01701805229857086,1969600,0.10893323304278572,LSNet
Merthyr Tydfil,139,2022-11-25,2023-01-19,680700,18080800,0.03764767045705942,2330300,0.12888257156762975,LSNet
Merthyr Tydfil,140,2023-01-19,2023-05-24,8000,18080800,0.0004424582983053847,2337600,0.1292863147648334,LSNet
Merthyr Tydfil_baseline,141,2021-01-09,2021-03-25,1253800,17366000,0.07219854888863296,1253800,0.07219854888863296,LSNet
Merthyr Tydfil_baseline,142,2021-03-25,2021-05-19,190500,17366000,0.01096971092940228,1414300,0.08144074628584591,LSNet
Merthyr Tydfil_baseline,143,2021-05-19,2021-07-18,24600,17366000,0.001416561096395255,1423700,0.08198203385926522,LSNet
Merthyr Tydfil_baseline,144,2021-07-18,2021-09-06,0,17366000,0.0,1423700,0.08198203385926522,LSNet
Merthyr Tydfil_baseline,145,2021-09-06,2021-11-25,12100,17366000,0.0006967637913163653,1431500,0.08243118737763445,LSNet
Merthyr Tydfil_baseline,146,2021-11-25,2022-01-14,40700,17366000,0.002343660025336865,1472200,0.08477484740297132,LSNet
Merthyr Tydfil_baseline,147,2022-01-14,2022-03-20,2900,17366000,0.00016699297477830243,1475100,0.08494184037774963,LSNet
Merthyr Tydfil_baseline,148,2022-03-20,2022-05-14,54400,17366000,0.0031325578717033282,1501400,0.08645629390763561,LSNet
Merthyr Tydfil_baseline,149,2022-05-14,2022-07-18,0,17366000,0.0,1501400,0.08645629390763561,LSNet
Merthyr Tydfil_baseline,150,2022-07-18,2022-09-16,0,17366000,0.0,1501400,0.08645629390763561,LSNet
Merthyr Tydfil_baseline,151,2022-09-16,2022-11-25,102900,17366000,0.005925371415409421,1600500,0.09216284694230105,LSNet
Merthyr Tydfil_baseline,152,2022-11-25,2023-01-19,1445500,17366000,0.08323736035932282,2369000,0.1364159852585512,LSNet
Merthyr Tydfil_baseline,153,2023-01-19,2023-05-24,159900,17366000,0.009207647126569157,2376200,0.13683058850627663,LSNet
MetCoal,154,2019-01-06,2019-05-01,281500,55820400,0.0050429592048785036,281500,0.0050429592048785036,LSNet
MetCoal,155,2019-05-01,2019-07-15,158500,55820400,0.0028394637086083226,392600,0.007033270990533927,LSNet
MetCoal,156,2019-07-15,2019-11-27,313700,55820400,0.0056198092453654935,604000,0.010820416908513734,LSNet
MetCoal,157,2019-11-27,2020-01-21,343000,55820400,0.006144706953013593,899600,0.016115971938574426,LSNet
MetCoal,158,2020-01-21,2020-05-20,17200,55820400,0.00030813107752721225,916700,0.016422311556348577,LSNet
MetCoal,159,2020-05-20,2020-07-24,205900,55820400,0.0036886156315612214,1047200,0.018760166534098646,LSNet
MetCoal,160,2020-07-24,2020-11-16,981400,55820400,0.01758138601658175,1968300,0.03526130231958209,LSNet
MetCoal_baseline,161,2019-01-06,2019-03-17,949100,51689700,0.0183614917478724,949100,0.0183614917478724,LSNet
MetCoal_baseline,162,2019-03-17,2019-05-01,1696600,51689700,0.032822786744747985,2563400,0.049592085076910875,LSNet
MetCoal_baseline,163,2019-05-01,2019-07-15,386300,51689700,0.007473442484672962,2910800,0.05631295983532503,LSNet
MetCoal_baseline,164,2019-07-15,2019-09-23,285400,51689700,0.005521409487770291,3138400,0.060716158151430555,LSNet
MetCoal_baseline,165,2019-09-23,2019-11-27,195000,51689700,0.0037725117383153703,3326100,0.06434744252723464,LSNet
MetCoal_baseline,166,2019-11-27,2020-01-21,506000,51689700,0.00978918430557732,3793500,0.07338986297076594,LSNet
MetCoal_baseline,167,2020-01-21,2020-03-11,675900,51689700,0.013076106071422353,4443900,0.0859726405841009,LSNet
MetCoal_baseline,168,2020-03-11,2020-05-20,13800,51689700,0.00026697775378847234,4451700,0.08612354105363351,LSNet
MetCoal_baseline,169,2020-05-20,2020-07-24,109600,51689700,0.0021203450590736644,4545500,0.08793821593083341,LSNet
MetCoal_baseline,170,2020-07-24,2020-11-16,1471800,51689700,0.028473757827961858,5888600,0.11392211601150713,LSNet
Ubuntu,171,2019-01-12,2019-03-28,88100,8738100,0.01008228333390554,88100,0.01008228333390554,LSNet
Ubuntu,172,2019-03-28,2019-05-17,29400,8738100,0.0033645758231194423,100500,0.011501356130051155,LSNet
Ubuntu,173,2019-05-17,2019-07-16,23800,8738100,0.002723704237763358,114700,0.01312642336434694,LSNet
Ubuntu,174,2019-07-16,2019-09-19,100800,8738100,0.011535688536409516,213900,0.02447900573351186,LSNet
Ubuntu,175,2019-09-19,2019-11-28,339000,8738100,0.03879561918494867,514500,0.05888007690459024,LSNet
Ubuntu,176,2019-11-28,2020-01-27,288400,8738100,0.03300488664583834,668800,0.07653837790824092,LSNet
Ubuntu,177,2020-01-27,2020-03-07,288000,8738100,0.03295911010402719,799400,0.09148441880958103,LSNet
Ubuntu,178,2020-03-07,2020-05-21,425800,8738100,0.04872912875796798,977400,0.11185497991554227,LSNet
Ubuntu,179,2020-05-21,2020-07-20,338100,8738100,0.038692621965873586,1026800,0.11750838282921916,LSNet
Ubuntu,180,2020-07-20,2020-09-18,368100,8738100,0.04212586260170975,1095400,0.1253590597498312,LSNet
Ubuntu,181,2020-09-18,2020-11-07,769000,8738100,0.08800540163193371,1277100,0.14615305386754557,LSNet
Ubuntu,182,2020-11-07,2021-01-21,260800,8738100,0.029846305260869066,1315900,0.150593378423227,LSNet
Ubuntu,183,2021-01-21,2021-03-27,245700,8738100,0.028118240807498196,1341500,0.15352307709914054,LSNet
Ubuntu,184,2021-03-27,2021-05-26,123800,8738100,0.014167839690550577,1371400,0.15694487359952392,LSNet
Ubuntu,185,2021-05-26,2021-07-10,208600,8738100,0.023872466554514138,1449700,0.1659056316590563,LSNet
Ubuntu,186,2021-07-10,2021-09-03,263600,8738100,0.030166741053547108,1519400,0.173882194069649,LSNet
Ubuntu,187,2021-09-03,2021-11-02,778900,8738100,0.08913837104175965,1843000,0.21091541639486844,LSNet
Ubuntu_baseline,188,2019-01-12,2019-03-28,0,8523800,0.0,0,0.0,LSNet
Ubuntu_baseline,189,2019-03-28,2019-05-17,0,8523800,0.0,0,0.0,LSNet
Ubuntu_baseline,190,2019-05-17,2019-07-16,0,8523800,0.0,0,0.0,LSNet
Ubuntu_baseline,191,2019-07-16,2019-09-19,0,8523800,0.0,0,0.0,LSNet
Ubuntu_baseline,192,2019-09-19,2019-11-28,0,8523800,0.0,0,0.0,LSNet
Ubuntu_baseline,193,2019-11-28,2020-01-27,0,8523800,0.0,0,0.0,LSNet
Ubuntu_baseline,194,2020-01-27,2020-03-07,200,8523800,2.3463713367277507e-05,200,2.3463713367277507e-05,LSNet
Ubuntu_baseline,195,2020-03-07,2020-05-21,0,8523800,0.0,200,2.3463713367277507e-05,LSNet
Ubuntu_baseline,196,2020-05-21,2020-07-20,0,8523800,0.0,200,2.3463713367277507e-05,LSNet
Ubuntu_baseline,197,2020-07-20,2020-09-18,0,8523800,0.0,200,2.3463713367277507e-05,LSNet
Ubuntu_baseline,198,2020-09-18,2020-11-07,0,8523800,0.0,200,2.3463713367277507e-05,LSNet
Ubuntu_baseline,199,2020-11-07,2021-01-21,0,8523800,0.0,200,2.3463713367277507e-05,LSNet
Ubuntu_baseline,200,2021-01-21,2021-03-27,0,8523800,0.0,200,2.3463713367277507e-05,LSNet
Ubuntu_baseline,201,2021-03-27,2021-05-26,0,8523800,0.0,200,2.3463713367277507e-05,LSNet
Ubuntu_baseline,202,2021-05-26,2021-07-10,0,8523800,0.0,200,2.3463713367277507e-05,LSNet
Ubuntu_baseline,203,2021-07-10,2021-09-03,0,8523800,0.0,200,2.3463713367277507e-05,LSNet
Ubuntu_baseline,204,2021-09-03,2021-11-02,0,8523800,0.0,200,2.3463713367277507e-05,LSNet
Amazon,0,2020-07-15,2020-11-02,21100,169290000,0.0001246381948136334,21100,0.0001246381948136334,DDPMCD
Amazon,1,2020-11-02,2021-03-24,908800,169290000,0.005368302912162561,929900,0.005492941106976195,DDPMCD
Amazon,2,2021-03-24,2021-05-23,5843400,169290000,0.03451710083289031,6419400,0.03791954634059897,DDPMCD
Amazon,3,2021-05-23,2021-11-24,285000,169290000,0.0016835016835016834,6623000,0.03912221631519877,DDPMCD
Amazon,4,2021-11-24,2022-01-18,390200,169290000,0.0023049205505345856,7004500,0.04137574576171067,DDPMCD
Amazon,5,2022-01-18,2022-03-07,4174600,169290000,0.024659460098056588,10902500,0.06440132317325299,DDPMCD
Amazon,6,2022-03-07,2022-11-27,4632400,169290000,0.027363695433870874,14681700,0.08672514619883041,DDPMCD
Amazon_baseline,7,2020-03-22,2020-05-01,194500,166662000,0.0011670326769149537,194500,0.0011670326769149537,DDPMCD
Amazon_baseline,8,2020-05-01,2020-07-15,767100,166662000,0.00460272887640854,961600,0.005769761553323493,DDPMCD
Amazon_baseline,9,2020-07-15,2020-11-02,50100,166662000,0.000300608417035677,1011700,0.00607036997035917,DDPMCD
Amazon_baseline,10,2020-11-02,2021-01-28,125400,166662000,0.0007524210677898981,1133900,0.006803590500534015,DDPMCD
Amazon_baseline,11,2021-01-28,2021-03-24,5446400,166662000,0.03267931502082058,6521800,0.039131895693079406,DDPMCD
Amazon_baseline,12,2021-03-24,2021-05-23,4244900,166662000,0.025470113163168568,10094500,0.060568695923485856,DDPMCD
Amazon_baseline,13,2021-05-23,2021-07-27,219700,166662000,0.0013182369106334978,10233200,0.06140091922573832,DDPMCD
Amazon_baseline,14,2021-07-27,2021-09-15,1100,166662000,6.600184805174545e-06,10234300,0.061407519410543496,DDPMCD
Amazon_baseline,15,2021-09-15,2021-11-24,9300,166662000,5.5801562443748425e-05,10243600,0.06146332097298724,DDPMCD
Amazon_baseline,16,2021-11-24,2022-01-18,244800,166662000,0.0014688411275515715,10456000,0.06273775665718641,DDPMCD
Amazon_baseline,17,2022-01-18,2022-03-07,5547800,166662000,0.033287732056497585,15435200,0.09261379318620921,DDPMCD
Amazon_baseline,18,2022-03-07,2022-07-07,2574900,166662000,0.015449832595312669,16866600,0.1012024336681427,DDPMCD
Amazon_baseline,19,2022-07-07,2022-09-08,65600,166662000,0.00039361102110859104,16919200,0.10151804250519014,DDPMCD
Amazon_baseline,20,2022-09-08,2022-11-27,460700,166662000,0.0027642773997671936,17334500,0.10400991227754378,DDPMCD
Carrapateena,21,2019-01-25,2019-03-26,243200,4743000,0.051275563989036474,243200,0.051275563989036474,DDPMCD
Carrapateena,22,2019-03-26,2019-05-05,30300,4743000,0.006388361796331436,263400,0.05553447185325743,DDPMCD
Carrapateena,23,2019-05-05,2019-07-14,336500,4743000,0.07094665823318574,542100,0.11429475015812776,DDPMCD
Carrapateena,24,2019-07-14,2019-09-02,246400,4743000,0.05195024246257643,626800,0.1321526460046384,DDPMCD
Carrapateena,25,2019-09-02,2019-11-16,330900,4743000,0.06976597090449083,709200,0.14952561669829223,DDPMCD
Carrapateena,26,2019-11-16,2020-01-15,431900,4743000,0.09106051022559561,852900,0.17982289690069575,DDPMCD
Carrapateena,27,2020-01-15,2020-03-20,307900,4743000,0.06491671937592242,994000,0.2095720008433481,DDPMCD
Carrapateena,28,2020-03-20,2020-05-04,94200,4743000,0.019860847564832383,1026400,0.21640312038794013,DDPMCD
Carrapateena,29,2020-05-04,2020-07-23,149000,4743000,0.03141471642420409,1064200,0.22437275985663083,DDPMCD
Carrapateena,30,2020-07-23,2020-09-11,15100,4743000,0.003183639047016656,1069500,0.22549019607843138,DDPMCD
Carrapateena,31,2020-09-11,2020-11-25,112900,4743000,0.023803499894581488,1102700,0.2324899852414084,DDPMCD
Carrapateena_baseline,32,2019-01-25,2019-03-26,0,4781700,0.0,0,0.0,DDPMCD
Carrapateena_baseline,33,2019-03-26,2019-05-05,0,4781700,0.0,0,0.0,DDPMCD
Carrapateena_baseline,34,2019-05-05,2019-07-14,0,4781700,0.0,0,0.0,DDPMCD
Carrapateena_baseline,35,2019-07-14,2020-05-04,1000,4781700,0.0002091306439132526,1000,0.0002091306439132526,DDPMCD
Carrapateena_baseline,36,2020-05-04,2020-09-11,0,4781700,0.0,1000,0.0002091306439132526,DDPMCD
Carrapateena_baseline,37,2020-09-11,2020-11-25,0,4781700,0.0,1000,0.0002091306439132526,DDPMCD
Craters,38,2020-01-06,2020-03-11,5400,83030000,6.503673371070697e-05,5400,6.503673371070697e-05,DDPMCD
Craters,39,2020-03-11,2020-05-10,571000,83030000,0.006877032397928459,573700,0.006909550764783813,DDPMCD
Craters,40,2020-05-10,2020-07-09,3200,83030000,3.854028664338191e-05,576900,0.006948091051427195,DDPMCD
Craters,41,2020-07-09,2020-09-07,0,83030000,0.0,576900,0.006948091051427195,DDPMCD
Craters,42,2020-09-07,2020-11-01,700,83030000,8.430687703239792e-06,577600,0.006956521739130435,DDPMCD
Craters,43,2020-11-01,2021-01-15,9700400,83030000,0.11683006142358184,9994500,0.12037215464290016,DDPMCD
Craters,44,2021-01-15,2021-03-06,4170000,83030000,0.050222811032157054,11507500,0.13859448392147417,DDPMCD
Craters,45,2021-03-06,2021-05-05,2265700,83030000,0.027287727327472,12807900,0.15425629290617848,DDPMCD
Craters,46,2021-05-05,2021-07-24,614500,83030000,0.007400939419486933,13005200,0.1566325424545345,DDPMCD
Craters,47,2021-07-24,2021-09-27,16500,83030000,0.00019872335300493799,13009000,0.15667830904492352,DDPMCD
Craters,48,2021-09-27,2021-11-21,726400,83030000,0.008748645068047694,13694600,0.1649355654582681,DDPMCD
Craters,49,2021-11-21,2022-01-10,0,83030000,0.0,13694600,0.1649355654582681,DDPMCD
Craters,50,2022-01-10,2022-03-11,2387700,83030000,0.028757075755750934,15821500,0.1905516078525834,DDPMCD
Craters,51,2022-03-11,2022-05-15,3600,83030000,4.335782247380465e-05,15823000,0.1905696736119475,DDPMCD
Craters,52,2022-05-15,2022-07-24,100,83030000,1.2043839576056847e-06,15823000,0.1905696736119475,DDPMCD
Craters,53,2022-07-24,2022-09-02,200,83030000,2.4087679152113693e-06,15823000,0.1905696736119475,DDPMCD
Craters,54,2022-09-02,2022-11-06,18500,83030000,0.00022281103215705166,15823300,0.1905732867638203,DDPMCD
Craters_baseline,55,2020-03-11,2020-05-10,672500,78234200,0.008595984876179472,672500,0.008595984876179472,DDPMCD
Craters_baseline,56,2020-05-10,2020-11-01,700,78234200,8.947493551413576e-06,673200,0.008604932369730886,DDPMCD
Craters_baseline,57,2020-11-01,2021-01-15,3671300,78234200,0.046927047250435235,4240700,0.05420519414782793,DDPMCD
Craters_baseline,58,2021-01-15,2022-05-15,2110600,78234200,0.02697797127087642,4752500,0.060747090147275744,DDPMCD
Craters_baseline,59,2022-05-15,2022-07-24,2600,78234200,3.3233547476679e-05,4754600,0.06077393262792998,DDPMCD
Iluka Western Australia,60,2019-01-27,2019-03-23,2571700,19535500,0.1316423946149318,2571700,0.1316423946149318,DDPMCD
Iluka Western Australia,61,2019-03-23,2019-05-02,1768800,19535500,0.0905428578741266,3219800,0.16481789562591181,DDPMCD
Iluka Western Australia,62,2019-05-02,2019-07-16,2327900,19535500,0.11916255022907016,4011500,0.20534411712011466,DDPMCD
Iluka Western Australia,63,2019-07-16,2019-09-29,2254500,19535500,0.11540528780937268,4327700,0.22153003506437,DDPMCD
Iluka Western Australia,64,2019-09-29,2019-11-13,1445700,19535500,0.07400373678687518,4449500,0.22776483837117042,DDPMCD
Iluka Western Australia,65,2019-11-13,2020-01-07,1608800,19535500,0.08235264006552175,4637600,0.2373934631824115,DDPMCD
Iluka Western Australia,66,2020-01-07,2020-03-22,2185100,19535500,0.11185278083489032,5054900,0.258754575004479,DDPMCD
Iluka Western Australia,67,2020-03-22,2020-05-21,2063500,19535500,0.10562821530035064,5499100,0.2814926671956182,DDPMCD
Iluka Western Australia,68,2020-05-21,2020-07-20,2125600,19535500,0.1088070435873154,5831100,0.2984873691484733,DDPMCD
Iluka Western Australia,69,2020-07-20,2020-09-23,1992000,19535500,0.10196821171713036,5916900,0.30287937344833765,DDPMCD
Iluka Western Australia,70,2020-09-23,2020-11-07,1339500,19535500,0.0685674797164137,5977300,0.305971180671086,DDPMCD
Iluka Western Australia_baseline,71,2019-01-27,2019-03-23,566600,20520900,0.027610874766701266,566600,0.027610874766701266,DDPMCD
Iluka Western Australia_baseline,72,2019-03-23,2019-05-02,120700,20520900,0.005881808302754752,599500,0.029214118289158857,DDPMCD
Iluka Western Australia_baseline,73,2019-05-02,2019-07-16,58300,20520900,0.0028410059987622376,644500,0.031407004566076535,DDPMCD
Iluka Western Australia_baseline,74,2019-07-16,2019-09-29,107800,20520900,0.005253180903371684,752200,0.03665531238883285,DDPMCD
Iluka Western Australia_baseline,75,2019-09-29,2019-11-13,419600,20520900,0.020447446262103514,1160200,0.05653748129955314,DDPMCD
Iluka Western Australia_baseline,76,2019-11-13,2020-01-07,677200,20520900,0.03300050192730338,1751200,0.08533738773640533,DDPMCD
Iluka Western Australia_baseline,77,2020-01-07,2020-03-22,1807800,20520900,0.08809555136470623,3045600,0.14841454322178851,DDPMCD
Iluka Western Australia_baseline,78,2020-03-22,2020-05-21,181900,20520900,0.008864133639362797,3079600,0.1500713906310152,DDPMCD
Iluka Western Australia_baseline,79,2020-05-21,2020-07-20,9200,20520900,0.00044832341661428103,3086600,0.15041250627409128,DDPMCD
Iluka Western Australia_baseline,80,2020-07-20,2020-09-23,19600,20520900,0.0009551238006130335,3106200,0.15136763007470433,DDPMCD
Iluka Western Australia_baseline,81,2020-09-23,2020-11-07,133900,20520900,0.0065250549439839385,3220000,0.15691319581499838,DDPMCD
London,82,2020-01-19,2020-03-27,9400,26805800,0.0003506703773064038,9400,0.0003506703773064038,DDPMCD
London,83,2020-03-27,2020-05-21,23000,26805800,0.000858023263622052,32400,0.0012086936409284558,DDPMCD
London,84,2020-05-21,2020-07-20,867000,26805800,0.03234374650262257,898700,0.033526326392049485,DDPMCD
London,85,2020-07-20,2020-09-20,799900,26805800,0.02984055689440345,1095800,0.040879212707697586,DDPMCD
London,86,2020-09-20,2020-11-04,15600,26805800,0.0005819636048914787,1109400,0.041386565594013235,DDPMCD
London,87,2020-11-04,2021-01-21,4401500,26805800,0.1641995389057592,5017700,0.18718710129897262,DDPMCD
London,88,2021-01-21,2021-03-09,7683600,26805800,0.28663945862462603,8179600,0.305142916831432,DDPMCD
London,89,2021-03-09,2021-07-22,141300,26805800,0.005271247267382432,8206800,0.3061576226040633,DDPMCD
London,90,2021-07-22,2021-09-08,69300,26805800,0.0025852613986525304,8210300,0.306288191361571,DDPMCD
London,91,2021-09-08,2021-11-02,11800,26805800,0.0004402032395974006,8210300,0.306288191361571,DDPMCD
London,92,2021-11-02,2022-01-13,44100,26805800,0.0016451663445970648,8214000,0.30642622119093627,DDPMCD
London,93,2022-01-13,2022-03-19,15400,26805800,0.0005745025330338956,8215000,0.3064635265502242,DDPMCD
London,94,2022-03-19,2022-05-08,190600,26805800,0.007110401480276657,8336800,0.3110073193114923,DDPMCD
London,95,2022-05-08,2022-07-10,324200,26805800,0.012094397481142142,8509100,0.31743503271680007,DDPMCD
London,96,2022-07-10,2022-09-25,126800,26805800,0.004730319557707661,8581400,0.3201322101933164,DDPMCD
London,97,2022-09-25,2022-11-04,94100,26805800,0.00351043430899283,8592700,0.3205537607532698,DDPMCD
London_baseline,98,2020-01-19,2020-03-27,5300,26998400,0.00019630792935877681,5300,0.00019630792935877681,DDPMCD
London_baseline,99,2020-03-27,2020-05-21,149600,26998400,0.005541069100391135,154300,0.005715153490577219,DDPMCD
London_baseline,100,2020-05-21,2020-07-20,141500,26998400,0.005241051321559796,283900,0.01051543795187863,DDPMCD
London_baseline,101,2020-07-20,2020-09-20,793200,26998400,0.029379518786298447,1054900,0.03907268578878748,DDPMCD
London_baseline,102,2020-09-20,2020-11-04,6900,26998400,0.0002555707004859547,1060500,0.03928010548773261,DDPMCD
London_baseline,103,2020-11-04,2021-01-21,1882900,26998400,0.06974116984710205,2854200,0.10571737584449449,DDPMCD
London_baseline,104,2021-01-21,2021-03-09,4495500,26998400,0.16650986725139266,5407800,0.20030075856347043,DDPMCD
London_baseline,105,2021-03-09,2021-07-22,31500,26998400,0.001166735806566315,5418300,0.20068967049899253,DDPMCD
London_baseline,106,2021-07-22,2021-09-08,16300,26998400,0.000603739480858125,5421600,0.20081189996444235,DDPMCD
London_baseline,107,2021-09-08,2021-11-02,3000,26998400,0.00011111769586345857,5421800,0.20081930781083324,DDPMCD
London_baseline,108,2021-11-02,2022-01-13,19300,26998400,0.0007148571767215835,5423500,0.20088227450515586,DDPMCD
London_baseline,109,2022-01-13,2022-03-19,3300,26998400,0.00012222946544980444,5425400,0.20095264904586937,DDPMCD
London_baseline,110,2022-03-19,2022-05-08,64800,26998400,0.002400142230650705,5466100,0.20246014578641697,DDPMCD
London_baseline,111,2022-05-08,2022-07-10,177600,26998400,0.006578167595116748,5549500,0.20554921773142112,DDPMCD
London_baseline,112,2022-07-10,2022-09-25,276500,26998400,0.010241347635415432,5610200,0.20779749911105844,DDPMCD
London_baseline,113,2022-09-25,2022-11-04,23400,26998400,0.0008667180277349769,5615600,0.20799751096361266,DDPMCD
Meliadine,114,2019-07-21,2019-09-13,132000,22447200,0.005880466160590185,132000,0.005880466160590185,DDPMCD
Meliadine,115,2019-09-13,2020-07-12,353000,22447200,0.015725792080972238,449400,0.020020314337645676,DDPMCD
Meliadine,116,2020-07-12,2020-09-27,1271300,22447200,0.05663512598453259,1463200,0.0651840764104209,DDPMCD
Meliadine_baseline,117,2019-01-29,2019-03-12,200,21451300,9.323444266781034e-06,200,9.323444266781034e-06,DDPMCD
Meliadine_baseline,118,2019-03-12,2019-05-01,0,21451300,0.0,200,9.323444266781034e-06,DDPMCD
Meliadine_baseline,119,2019-05-01,2019-07-21,0,21451300,0.0,200,9.323444266781034e-06,DDPMCD
Meliadine_baseline,120,2019-07-21,2019-09-13,0,21451300,0.0,200,9.323444266781034e-06,DDPMCD
Meliadine_baseline,121,2019-09-13,2019-11-17,0,21451300,0.0,200,9.323444266781034e-06,DDPMCD
Meliadine_baseline,122,2019-11-17,2020-01-26,10500,21451300,0.0004894808240060043,10700,0.0004988042682727853,DDPMCD
Meliadine_baseline,123,2020-01-26,2020-03-04,100,21451300,4.661722133390517e-06,10800,0.0005034659904061758,DDPMCD
Meliadine_baseline,124,2020-03-04,2020-05-13,34300,21451300,0.0015989706917529474,44900,0.0020931132378923423,DDPMCD
Meliadine_baseline,125,2020-05-13,2020-07-12,0,21451300,0.0,44900,0.0020931132378923423,DDPMCD
Meliadine_baseline,126,2020-07-12,2020-09-27,0,21451300,0.0,44900,0.0020931132378923423,DDPMCD
Meliadine_baseline,127,2020-09-27,2020-11-12,0,21451300,0.0,44900,0.0020931132378923423,DDPMCD
Merthyr Tydfil,128,2021-01-09,2021-03-25,266200,18080800,0.014722799876111676,266200,0.014722799876111676,DDPMCD
Merthyr Tydfil,129,2021-03-25,2021-05-19,8300,18080800,0.00045905048449183664,269200,0.014888721737976196,DDPMCD
Merthyr Tydfil,130,2021-05-19,2021-07-18,30200,18080800,0.0016702800761028273,299400,0.016559001814079023,DDPMCD
Merthyr Tydfil,131,2021-07-18,2021-09-06,42100,18080800,0.002328436794832087,340100,0.018810008406707667,DDPMCD
Merthyr Tydfil,132,2021-09-06,2021-11-25,138600,18080800,0.00766559001814079,472000,0.0261050396000177,DDPMCD
Merthyr Tydfil,133,2021-11-25,2022-01-14,88900,18080800,0.004916817839918587,541000,0.02992124242290164,DDPMCD
Merthyr Tydfil,134,2022-01-14,2022-03-20,174700,18080800,0.00966218308924384,614400,0.033980797309853546,DDPMCD
Merthyr Tydfil,135,2022-03-20,2022-05-14,55500,18080800,0.0030695544444936064,657800,0.03638113357816026,DDPMCD
Merthyr Tydfil,136,2022-05-14,2022-07-18,93900,18080800,0.005193354276359453,737600,0.04079465510375647,DDPMCD
Merthyr Tydfil,137,2022-07-18,2022-09-16,28500,18080800,0.001576257687712933,755400,0.041779124817485955,DDPMCD
Merthyr Tydfil,138,2022-09-16,2022-11-25,112700,18080800,0.006233131277377107,853500,0.04720476970045573,DDPMCD
Merthyr Tydfil,139,2022-11-25,2023-01-19,246900,18080800,0.013655369231449936,1066700,0.058996283350294235,DDPMCD
Merthyr Tydfil,140,2023-01-19,2023-05-24,3200,18080800,0.0001769833193221539,1069100,0.05912902083978585,DDPMCD
Merthyr Tydfil_baseline,141,2021-01-09,2021-03-25,234700,17366000,0.013514914200161234,234700,0.013514914200161234,DDPMCD
Merthyr Tydfil_baseline,142,2021-03-25,2021-05-19,67000,17366000,0.0038581135552228493,300900,0.017326960727859036,DDPMCD
Merthyr Tydfil_baseline,143,2021-05-19,2021-07-18,5000,17366000,0.00028791892203155594,305900,0.01761487964989059,DDPMCD
Merthyr Tydfil_baseline,144,2021-07-18,2021-09-06,0,17366000,0.0,305900,0.01761487964989059,DDPMCD
Merthyr Tydfil_baseline,145,2021-09-06,2021-11-25,0,17366000,0.0,305900,0.01761487964989059,DDPMCD
Merthyr Tydfil_baseline,146,2021-11-25,2022-01-14,8200,17366000,0.0004721870321317517,314100,0.018087066682022344,DDPMCD
Merthyr Tydfil_baseline,147,2022-01-14,2022-03-20,2600,17366000,0.00014971783945640907,316700,0.01823678452147875,DDPMCD
Merthyr Tydfil_baseline,148,2022-03-20,2022-05-14,194400,17366000,0.011194287688586895,501400,0.028872509501324427,DDPMCD
Merthyr Tydfil_baseline,149,2022-05-14,2022-07-18,11100,17366000,0.0006391800069100542,501400,0.028872509501324427,DDPMCD
Merthyr Tydfil_baseline,150,2022-07-18,2022-09-16,0,17366000,0.0,501400,0.028872509501324427,DDPMCD
Merthyr Tydfil_baseline,151,2022-09-16,2022-11-25,11200,17366000,0.0006449383853506852,512600,0.029517447886675114,DDPMCD
Merthyr Tydfil_baseline,152,2022-11-25,2023-01-19,1005100,17366000,0.05787746170678337,1394700,0.08031210411148221,DDPMCD
Merthyr Tydfil_baseline,153,2023-01-19,2023-05-24,101100,17366000,0.005821720603478061,1442000,0.08303581711390072,DDPMCD
MetCoal,154,2019-01-06,2019-05-01,1136000,55820400,0.020350982794820532,1136000,0.020350982794820532,DDPMCD
MetCoal,155,2019-05-01,2019-07-15,374800,55820400,0.006714391154488323,1405600,0.02518075828908428,DDPMCD
MetCoal,156,2019-07-15,2019-11-27,343500,55820400,0.006153664251778919,1554700,0.027851824780904474,DDPMCD
MetCoal,157,2019-11-27,2020-01-21,111600,55820400,0.0019992690844207496,1633700,0.029267077985825972,DDPMCD
MetCoal,158,2020-01-21,2020-05-20,140200,55820400,0.002511626573797393,1743000,0.03122514349592622,DDPMCD
MetCoal,159,2020-05-20,2020-07-24,387000,55820400,0.006932949244362276,2017800,0.03614807489734936,DDPMCD
MetCoal,160,2020-07-24,2020-11-16,310500,55820400,0.005562482533267407,2327300,0.04169264283308611,DDPMCD
MetCoal_baseline,161,2019-01-06,2019-03-17,106000,51689700,0.00205069868852015,106000,0.00205069868852015,DDPMCD
MetCoal_baseline,162,2019-03-17,2019-05-01,592100,51689700,0.011454893334648875,692700,0.013401122467338754,DDPMCD
MetCoal_baseline,163,2019-05-01,2019-07-15,92000,51689700,0.001779851691923149,777800,0.015047485282367667,DDPMCD
MetCoal_baseline,164,2019-07-15,2019-09-23,68100,51689700,0.0013174771763039832,836600,0.01618504266807507,DDPMCD
MetCoal_baseline,165,2019-09-23,2019-11-27,97700,51689700,0.0018901251119662137,934300,0.018075167780041285,DDPMCD
MetCoal_baseline,166,2019-11-27,2020-01-21,83900,51689700,0.0016231473581777415,1010900,0.01955708777570773,DDPMCD
MetCoal_baseline,167,2020-01-21,2020-03-11,90700,51689700,0.0017547016136677132,1095100,0.021186038998098268,DDPMCD
MetCoal_baseline,168,2020-03-11,2020-05-20,28500,51689700,0.0005513671002153233,1117200,0.021613590328440676,DDPMCD
MetCoal_baseline,169,2020-05-20,2020-07-24,105800,51689700,0.0020468294457116213,1222800,0.02365655053134377,DDPMCD
MetCoal_baseline,170,2020-07-24,2020-11-16,79300,51689700,0.001534154773581584,1300100,0.025152012876840067,DDPMCD
Ubuntu,171,2019-01-12,2019-03-28,62800,8738100,0.007186917064350373,62800,0.007186917064350373,DDPMCD
Ubuntu,172,2019-03-28,2019-05-17,28700,8738100,0.0032844668749499317,85600,0.009796179947585859,DDPMCD
Ubuntu,173,2019-05-17,2019-07-16,300400,8738100,0.034378182900172805,348400,0.03987136791751067,DDPMCD
Ubuntu,174,2019-07-16,2019-09-19,713700,8738100,0.08167679472654238,895800,0.1025165653860679,DDPMCD
Ubuntu,175,2019-09-19,2019-11-28,1274900,8738100,0.14590128288758425,1776300,0.20328217804785936,DDPMCD
Ubuntu,176,2019-11-28,2020-01-27,663600,8738100,0.07594328286469598,2077100,0.23770613748984332,DDPMCD
Ubuntu,177,2020-01-27,2020-03-07,470800,8738100,0.053878989711722225,2196400,0.25135899108501847,DDPMCD
Ubuntu,178,2020-03-07,2020-05-21,467100,8738100,0.0534555566999691,2254700,0.2580309220539934,DDPMCD
Ubuntu,179,2020-05-21,2020-07-20,405100,8738100,0.04636019271924102,2314200,0.2648401826484018,DDPMCD
Ubuntu,180,2020-07-20,2020-09-18,387500,8738100,0.04434602487955047,2541800,0.2908870349389455,DDPMCD
Ubuntu,181,2020-09-18,2020-11-07,929400,8738100,0.10636179489820441,2879500,0.32953388036300796,DDPMCD
Ubuntu,182,2020-11-07,2021-01-21,565900,8738100,0.06476236252732287,3039100,0.34779872054565636,DDPMCD
Ubuntu,183,2021-01-21,2021-03-27,277800,8738100,0.03179180828784289,3078700,0.3523305981849601,DDPMCD
Ubuntu,184,2021-03-27,2021-05-26,368100,8738100,0.04212586260170975,3115200,0.35650770762522743,DDPMCD
Ubuntu,185,2021-05-26,2021-07-10,345500,8738100,0.03953948798937984,3205500,0.3668417619390943,DDPMCD
Ubuntu,186,2021-07-10,2021-09-03,329500,8738100,0.037708426316933885,3302100,0.37789679678648674,DDPMCD
Ubuntu,187,2021-09-03,2021-11-02,1143300,8738100,0.13084080063171627,3533800,0.40441285863059473,DDPMCD
Ubuntu_baseline,188,2019-01-12,2019-03-28,0,8523800,0.0,0,0.0,DDPMCD
Ubuntu_baseline,189,2019-03-28,2019-05-17,0,8523800,0.0,0,0.0,DDPMCD
Ubuntu_baseline,190,2019-05-17,2019-07-16,105600,8523800,0.012388840657922524,105600,0.012388840657922524,DDPMCD
Ubuntu_baseline,191,2019-07-16,2019-09-19,227200,8523800,0.026654778385227246,332600,0.039020155329782494,DDPMCD
Ubuntu_baseline,192,2019-09-19,2019-11-28,28900,8523800,0.0033905065815715996,360600,0.042305075201201345,DDPMCD
Ubuntu_baseline,193,2019-11-28,2020-01-27,14800,8523800,0.0017363147891785353,372900,0.04374809357328891,DDPMCD
Ubuntu_baseline,194,2020-01-27,2020-03-07,22000,8523800,0.0025810084704005255,394900,0.04632910204368943,DDPMCD
Ubuntu_baseline,195,2020-03-07,2020-05-21,0,8523800,0.0,394900,0.04632910204368943,DDPMCD
Ubuntu_baseline,196,2020-05-21,2020-07-20,92000,8523800,0.010793308148947653,483400,0.05671179520870973,DDPMCD
Ubuntu_baseline,197,2020-07-20,2020-09-18,122100,8523800,0.014324597010722917,574900,0.06744644407423919,DDPMCD
Ubuntu_baseline,198,2020-09-18,2020-11-07,52100,8523800,0.00611229733217579,601900,0.07061404537882165,DDPMCD
Ubuntu_baseline,199,2020-11-07,2021-01-21,7600,8523800,0.0008916211079565452,601900,0.07061404537882165,DDPMCD
Ubuntu_baseline,200,2021-01-21,2021-03-27,0,8523800,0.0,601900,0.07061404537882165,DDPMCD
Ubuntu_baseline,201,2021-03-27,2021-05-26,2900,8523800,0.00034022384382552384,602600,0.07069616837560712,DDPMCD
Ubuntu_baseline,202,2021-05-26,2021-07-10,65400,8523800,0.0076726342710997444,648400,0.07606935873671367,DDPMCD
Ubuntu_baseline,203,2021-07-10,2021-09-03,69900,8523800,0.008200567821863488,694300,0.08145428095450385,DDPMCD
Ubuntu_baseline,204,2021-09-03,2021-11-02,65300,8523800,0.007660902414416105,738000,0.086581102325254,DDPMCD
