facility,index,predate,postdate,change_area,image_area,proportion,model
Amazon,0,2020-07-15 00:00:00,2020-11-02 00:00:00,749300,169290000,0.004426132671746707,TinyCD
Amazon,1,2020-11-02 00:00:00,2021-03-24 00:00:00,45500,169290000,0.00026876956701518104,TinyCD
Amazon,2,2021-03-24 00:00:00,2021-05-23 00:00:00,8600,169290000,5.080040167759466e-05,TinyCD
Amazon,3,2021-05-23 00:00:00,2021-11-24 00:00:00,76900,169290000,0.0004542501033729104,TinyCD
Amazon,4,2021-11-24 00:00:00,2022-01-18 00:00:00,368200,169290000,0.0021749660346151575,TinyCD
Amazon,5,2022-01-18 00:00:00,2022-03-07 00:00:00,648800,169290000,0.0038324768149329553,TinyCD
Amazon,6,2022-03-07 00:00:00,2022-11-27 00:00:00,487600,169290000,0.0028802646346505994,TinyCD
Amazon_baseline,7,2020-03-22 00:00:00,2020-05-01 00:00:00,41900,166662000,0.00025140703939710313,TinyCD
Amazon_baseline,8,2020-05-01 00:00:00,2020-07-15 00:00:00,145900,166662000,0.0008754245118863328,TinyCD
Amazon_baseline,9,2020-07-15 00:00:00,2020-11-02 00:00:00,1357400,166662000,0.008144628049585389,TinyCD
Amazon_baseline,10,2020-11-02 00:00:00,2021-01-28 00:00:00,448300,166662000,0.002689875316508862,TinyCD
Amazon_baseline,11,2021-01-28 00:00:00,2021-03-24 00:00:00,280300,166662000,0.001681847091718568,TinyCD
Amazon_baseline,12,2021-03-24 00:00:00,2021-05-23 00:00:00,4900,166662000,2.9400823223050244e-05,TinyCD
Amazon_baseline,13,2021-05-23 00:00:00,2021-07-27 00:00:00,145600,166662000,0.0008736244614849216,TinyCD
Amazon_baseline,14,2021-07-27 00:00:00,2021-09-15 00:00:00,0,166662000,0.0,TinyCD
Amazon_baseline,15,2021-09-15 00:00:00,2021-11-24 00:00:00,23200,166662000,0.00013920389770913586,TinyCD
Amazon_baseline,16,2021-11-24 00:00:00,2022-01-18 00:00:00,253600,166662000,0.0015216426059929677,TinyCD
Amazon_baseline,17,2022-01-18 00:00:00,2022-03-07 00:00:00,29600,166662000,0.0001776049729392423,TinyCD
Amazon_baseline,18,2022-03-07 00:00:00,2022-07-07 00:00:00,300,166662000,1.8000504014112395e-06,TinyCD
Amazon_baseline,19,2022-07-07 00:00:00,2022-09-08 00:00:00,1063800,166662000,0.006382978723404255,TinyCD
Amazon_baseline,20,2022-09-08 00:00:00,2022-11-27 00:00:00,1774200,166662000,0.010645498073946071,TinyCD
Carrapateena,21,2019-01-25 00:00:00,2019-03-26 00:00:00,13500,4743000,0.0028462998102466793,TinyCD
Carrapateena,22,2019-03-26 00:00:00,2019-05-05 00:00:00,10600,4743000,0.0022348724436010966,TinyCD
Carrapateena,23,2019-05-05 00:00:00,2019-07-14 00:00:00,62300,4743000,0.013135146531730972,TinyCD
Carrapateena,24,2019-07-14 00:00:00,2019-09-02 00:00:00,119500,4743000,0.025195024246257643,TinyCD
Carrapateena,25,2019-09-02 00:00:00,2019-11-16 00:00:00,123400,4743000,0.026017288635884463,TinyCD
Carrapateena,26,2019-11-16 00:00:00,2020-01-15 00:00:00,89600,4743000,0.018890997259118702,TinyCD
Carrapateena,27,2020-01-15 00:00:00,2020-03-20 00:00:00,60200,4743000,0.012692388783470378,TinyCD
Carrapateena,28,2020-03-20 00:00:00,2020-05-04 00:00:00,10600,4743000,0.0022348724436010966,TinyCD
Carrapateena,29,2020-05-04 00:00:00,2020-07-23 00:00:00,55800,4743000,0.011764705882352941,TinyCD
Carrapateena,30,2020-07-23 00:00:00,2020-09-11 00:00:00,18600,4743000,0.00392156862745098,TinyCD
Carrapateena,31,2020-09-11 00:00:00,2020-11-25 00:00:00,22100,4743000,0.004659498207885305,TinyCD
Carrapateena_baseline,32,2019-01-25 00:00:00,2019-03-26 00:00:00,0,4781700,0.0,TinyCD
Carrapateena_baseline,33,2019-03-26 00:00:00,2019-05-05 00:00:00,0,4781700,0.0,TinyCD
Carrapateena_baseline,34,2019-05-05 00:00:00,2019-07-14 00:00:00,0,4781700,0.0,TinyCD
Carrapateena_baseline,35,2019-07-14 00:00:00,2020-05-04 00:00:00,0,4781700,0.0,TinyCD
Carrapateena_baseline,36,2020-05-04 00:00:00,2020-09-11 00:00:00,0,4781700,0.0,TinyCD
Carrapateena_baseline,37,2020-09-11 00:00:00,2020-11-25 00:00:00,0,4781700,0.0,TinyCD
Craters,38,2020-01-06 00:00:00,2020-03-11 00:00:00,12600,83030000,0.00015175237865831627,TinyCD
Craters,39,2020-03-11 00:00:00,2020-05-10 00:00:00,25500,83030000,0.0003071179091894496,TinyCD
Craters,40,2020-05-10 00:00:00,2020-07-09 00:00:00,35400,83030000,0.0004263519209924124,TinyCD
Craters,41,2020-07-09 00:00:00,2020-09-07 00:00:00,0,83030000,0.0,TinyCD
Craters,42,2020-09-07 00:00:00,2020-11-01 00:00:00,600,83030000,7.2263037456341084e-06,TinyCD
Craters,43,2020-11-01 00:00:00,2021-01-15 00:00:00,307300,83030000,0.003701071901722269,TinyCD
Craters,44,2021-01-15 00:00:00,2021-03-06 00:00:00,680200,83030000,0.008192219679633867,TinyCD
Craters,45,2021-03-06 00:00:00,2021-05-05 00:00:00,149100,83030000,0.001795736480790076,TinyCD
Craters,46,2021-05-05 00:00:00,2021-07-24 00:00:00,108900,83030000,0.0013115741298325907,TinyCD
Craters,47,2021-07-24 00:00:00,2021-09-27 00:00:00,800,83030000,9.635071660845477e-06,TinyCD
Craters,48,2021-09-27 00:00:00,2021-11-21 00:00:00,56400,83030000,0.0006792725520896062,TinyCD
Craters,49,2021-11-21 00:00:00,2022-01-10 00:00:00,8600,83030000,0.00010357702035408889,TinyCD
Craters,50,2022-01-10 00:00:00,2022-03-11 00:00:00,85200,83030000,0.0010261351318800434,TinyCD
Craters,51,2022-03-11 00:00:00,2022-05-15 00:00:00,66600,83030000,0.000802119715765386,TinyCD
Craters,52,2022-05-15 00:00:00,2022-07-24 00:00:00,23000,83030000,0.0002770083102493075,TinyCD
Craters,53,2022-07-24 00:00:00,2022-09-02 00:00:00,0,83030000,0.0,TinyCD
Craters,54,2022-09-02 00:00:00,2022-11-06 00:00:00,8400,83030000,0.00010116825243887752,TinyCD
Craters_baseline,55,2020-03-11 00:00:00,2020-05-10 00:00:00,64400,78234200,0.0008231694067300491,TinyCD
Craters_baseline,56,2020-05-10 00:00:00,2020-11-01 00:00:00,0,78234200,0.0,TinyCD
Craters_baseline,57,2020-11-01 00:00:00,2021-01-15 00:00:00,89200,78234200,0.001140166321122987,TinyCD
Craters_baseline,58,2021-01-15 00:00:00,2022-05-15 00:00:00,861300,78234200,0.011009251708332161,TinyCD
Craters_baseline,59,2022-05-15 00:00:00,2022-07-24 00:00:00,42700,78234200,0.0005457971066362282,TinyCD
Iluka Western Australia,60,2019-01-27 00:00:00,2019-03-23 00:00:00,882600,19535500,0.04517928898671649,TinyCD
Iluka Western Australia,61,2019-03-23 00:00:00,2019-05-02 00:00:00,1209100,19535500,0.061892452202400756,TinyCD
Iluka Western Australia,62,2019-05-02 00:00:00,2019-07-16 00:00:00,922200,19535500,0.04720636789434619,TinyCD
Iluka Western Australia,63,2019-07-16 00:00:00,2019-09-29 00:00:00,843900,19535500,0.04319828005426019,TinyCD
Iluka Western Australia,64,2019-09-29 00:00:00,2019-11-13 00:00:00,779200,19535500,0.039886360727905606,TinyCD
Iluka Western Australia,65,2019-11-13 00:00:00,2020-01-07 00:00:00,1073500,19535500,0.054951242609608146,TinyCD
Iluka Western Australia,66,2020-01-07 00:00:00,2020-03-22 00:00:00,1087700,19535500,0.05567812444012183,TinyCD
Iluka Western Australia,67,2020-03-22 00:00:00,2020-05-21 00:00:00,1305900,19535500,0.06684753397660669,TinyCD
Iluka Western Australia,68,2020-05-21 00:00:00,2020-07-20 00:00:00,659800,19535500,0.03377441068823424,TinyCD
Iluka Western Australia,69,2020-07-20 00:00:00,2020-09-23 00:00:00,610200,19535500,0.031235443167566736,TinyCD
Iluka Western Australia,70,2020-09-23 00:00:00,2020-11-07 00:00:00,525300,19535500,0.02688950884287579,TinyCD
Iluka Western Australia_baseline,71,2019-01-27 00:00:00,2019-03-23 00:00:00,10400,20520900,0.0005068003839987525,TinyCD
Iluka Western Australia_baseline,72,2019-03-23 00:00:00,2019-05-02 00:00:00,18100,20520900,0.0008820275913824443,TinyCD
Iluka Western Australia_baseline,73,2019-05-02 00:00:00,2019-07-16 00:00:00,67800,20520900,0.0033039486572226363,TinyCD
Iluka Western Australia_baseline,74,2019-07-16 00:00:00,2019-09-29 00:00:00,0,20520900,0.0,TinyCD
Iluka Western Australia_baseline,75,2019-09-29 00:00:00,2019-11-13 00:00:00,14200,20520900,0.000691977447382912,TinyCD
Iluka Western Australia_baseline,76,2019-11-13 00:00:00,2020-01-07 00:00:00,74400,20520900,0.0036255719778372293,TinyCD
Iluka Western Australia_baseline,77,2020-01-07 00:00:00,2020-03-22 00:00:00,21200,20520900,0.0010330930904589954,TinyCD
Iluka Western Australia_baseline,78,2020-03-22 00:00:00,2020-05-21 00:00:00,56900,20520900,0.002772782870147021,TinyCD
Iluka Western Australia_baseline,79,2020-05-21 00:00:00,2020-07-20 00:00:00,400,20520900,1.9492322461490482e-05,TinyCD
Iluka Western Australia_baseline,80,2020-07-20 00:00:00,2020-09-23 00:00:00,900,20520900,4.385772553835358e-05,TinyCD
Iluka Western Australia_baseline,81,2020-09-23 00:00:00,2020-11-07 00:00:00,200,20520900,9.746161230745241e-06,TinyCD
London,82,2020-01-19 00:00:00,2020-03-27 00:00:00,125600,26805800,0.004685553126562162,TinyCD
London,83,2020-03-27 00:00:00,2020-05-21 00:00:00,90200,26805800,0.00336494340776996,TinyCD
London,84,2020-05-21 00:00:00,2020-07-20 00:00:00,13400,26805800,0.000499891814458065,TinyCD
London,85,2020-07-20 00:00:00,2020-09-20 00:00:00,23500,26805800,0.0008766759432660096,TinyCD
London,86,2020-09-20 00:00:00,2020-11-04 00:00:00,58400,26805800,0.0021786329824142535,TinyCD
London,87,2020-11-04 00:00:00,2021-01-21 00:00:00,519600,26805800,0.01938386468600079,TinyCD
London,88,2021-01-21 00:00:00,2021-03-09 00:00:00,24500,26805800,0.0009139813025539249,TinyCD
London,89,2021-03-09 00:00:00,2021-07-22 00:00:00,89400,26805800,0.003335099120339628,TinyCD
London,90,2021-07-22 00:00:00,2021-09-08 00:00:00,145700,26805800,0.00543539084824926,TinyCD
London,91,2021-09-08 00:00:00,2021-11-02 00:00:00,65900,26805800,0.0024584231770736183,TinyCD
London,92,2021-11-02 00:00:00,2022-01-13 00:00:00,53400,26805800,0.001992106185974677,TinyCD
London,93,2022-01-13 00:00:00,2022-03-19 00:00:00,58600,26805800,0.0021860940542718366,TinyCD
London,94,2022-03-19 00:00:00,2022-05-08 00:00:00,215700,26805800,0.008046765998403331,TinyCD
London,95,2022-05-08 00:00:00,2022-07-10 00:00:00,246100,26805800,0.009180848920755956,TinyCD
London,96,2022-07-10 00:00:00,2022-09-25 00:00:00,133400,26805800,0.004976534929007901,TinyCD
London,97,2022-09-25 00:00:00,2022-11-04 00:00:00,25800,26805800,0.0009624782696282148,TinyCD
London_baseline,98,2020-01-19 00:00:00,2020-03-27 00:00:00,25700,26998400,0.0009519082612302951,TinyCD
London_baseline,99,2020-03-27 00:00:00,2020-05-21 00:00:00,900,26998400,3.3335308759037575e-05,TinyCD
London_baseline,100,2020-05-21 00:00:00,2020-07-20 00:00:00,1200,26998400,4.444707834538343e-05,TinyCD
London_baseline,101,2020-07-20 00:00:00,2020-09-20 00:00:00,1900,26998400,7.037454071352376e-05,TinyCD
London_baseline,102,2020-09-20 00:00:00,2020-11-04 00:00:00,23000,26998400,0.0008519023349531825,TinyCD
London_baseline,103,2020-11-04 00:00:00,2021-01-21 00:00:00,489400,26998400,0.01812700011852554,TinyCD
London_baseline,104,2021-01-21 00:00:00,2021-03-09 00:00:00,23800,26998400,0.0008815337205167713,TinyCD
London_baseline,105,2021-03-09 00:00:00,2021-07-22 00:00:00,21500,26998400,0.0007963434870214531,TinyCD
London_baseline,106,2021-07-22 00:00:00,2021-09-08 00:00:00,19900,26998400,0.0007370807158942753,TinyCD
London_baseline,107,2021-09-08 00:00:00,2021-11-02 00:00:00,19100,26998400,0.0007074493303306863,TinyCD
London_baseline,108,2021-11-02 00:00:00,2022-01-13 00:00:00,13500,26998400,0.0005000296313855635,TinyCD
London_baseline,109,2022-01-13 00:00:00,2022-03-19 00:00:00,19500,26998400,0.0007222650231124807,TinyCD
London_baseline,110,2022-03-19 00:00:00,2022-05-08 00:00:00,73500,26998400,0.002722383548654735,TinyCD
London_baseline,111,2022-05-08 00:00:00,2022-07-10 00:00:00,63700,26998400,0.0023593990755007704,TinyCD
London_baseline,112,2022-07-10 00:00:00,2022-09-25 00:00:00,78000,26998400,0.002889060092449923,TinyCD
London_baseline,113,2022-09-25 00:00:00,2022-11-04 00:00:00,193700,26998400,0.007174499229583975,TinyCD
Meliadine,114,2019-07-21 00:00:00,2019-09-13 00:00:00,22600,22447200,0.0010068070850707438,TinyCD
Meliadine,115,2019-09-13 00:00:00,2020-07-12 00:00:00,434200,22447200,0.0193431697494565,TinyCD
Meliadine,116,2020-07-12 00:00:00,2020-09-27 00:00:00,126400,22447200,0.005630991838625753,TinyCD
Meliadine_baseline,117,2019-01-29 00:00:00,2019-03-12 00:00:00,31200,21451300,0.0014544573056178413,TinyCD
Meliadine_baseline,118,2019-03-12 00:00:00,2019-05-01 00:00:00,6500,21451300,0.0003030119386703836,TinyCD
Meliadine_baseline,119,2019-05-01 00:00:00,2019-07-21 00:00:00,0,21451300,0.0,TinyCD
Meliadine_baseline,120,2019-07-21 00:00:00,2019-09-13 00:00:00,3200,21451300,0.00014917510826849655,TinyCD
Meliadine_baseline,121,2019-09-13 00:00:00,2019-11-17 00:00:00,21200,21451300,0.0009882850922787896,TinyCD
Meliadine_baseline,122,2019-11-17 00:00:00,2020-01-26 00:00:00,1017300,21451300,0.04742369926298173,TinyCD
Meliadine_baseline,123,2020-01-26 00:00:00,2020-03-04 00:00:00,3700,21451300,0.00017248371893544915,TinyCD
Meliadine_baseline,124,2020-03-04 00:00:00,2020-05-13 00:00:00,42800,21451300,0.0019952170730911413,TinyCD
Meliadine_baseline,125,2020-05-13 00:00:00,2020-07-12 00:00:00,200,21451300,9.323444266781034e-06,TinyCD
Meliadine_baseline,126,2020-07-12 00:00:00,2020-09-27 00:00:00,3700,21451300,0.00017248371893544915,TinyCD
Meliadine_baseline,127,2020-09-27 00:00:00,2020-11-12 00:00:00,20800,21451300,0.0009696382037452276,TinyCD
Merthyr Tydfil,128,2021-01-09 00:00:00,2021-03-25 00:00:00,403700,18080800,0.022327551878235475,TinyCD
Merthyr Tydfil,129,2021-03-25 00:00:00,2021-05-19 00:00:00,23800,18080800,0.0013163134374585194,TinyCD
Merthyr Tydfil,130,2021-05-19 00:00:00,2021-07-18 00:00:00,73600,18080800,0.004070616344409539,TinyCD
Merthyr Tydfil,131,2021-07-18 00:00:00,2021-09-06 00:00:00,118500,18080800,0.006553913543648511,TinyCD
Merthyr Tydfil,132,2021-09-06 00:00:00,2021-11-25 00:00:00,166000,18080800,0.009181009689836733,TinyCD
Merthyr Tydfil,133,2021-11-25 00:00:00,2022-01-14 00:00:00,9900,18080800,0.0005475421441529136,TinyCD
Merthyr Tydfil,134,2022-01-14 00:00:00,2022-03-20 00:00:00,161900,18080800,0.008954249811955223,TinyCD
Merthyr Tydfil,135,2022-03-20 00:00:00,2022-05-14 00:00:00,187700,18080800,0.010381177823990088,TinyCD
Merthyr Tydfil,136,2022-05-14 00:00:00,2022-07-18 00:00:00,171200,18080800,0.009468607583735232,TinyCD
Merthyr Tydfil,137,2022-07-18 00:00:00,2022-09-16 00:00:00,56200,18080800,0.0031082695455953275,TinyCD
Merthyr Tydfil,138,2022-09-16 00:00:00,2022-11-25 00:00:00,60000,18080800,0.0033184372372903853,TinyCD
Merthyr Tydfil,139,2022-11-25 00:00:00,2023-01-19 00:00:00,600,18080800,3.318437237290385e-05,TinyCD
Merthyr Tydfil,140,2023-01-19 00:00:00,2023-05-24 00:00:00,49300,18080800,0.0027266492633069334,TinyCD
Merthyr Tydfil_baseline,141,2021-01-09 00:00:00,2021-03-25 00:00:00,86400,17366000,0.004975238972705286,TinyCD
Merthyr Tydfil_baseline,142,2021-03-25 00:00:00,2021-05-19 00:00:00,0,17366000,0.0,TinyCD
Merthyr Tydfil_baseline,143,2021-05-19 00:00:00,2021-07-18 00:00:00,1000,17366000,5.758378440631118e-05,TinyCD
Merthyr Tydfil_baseline,144,2021-07-18 00:00:00,2021-09-06 00:00:00,0,17366000,0.0,TinyCD
Merthyr Tydfil_baseline,145,2021-09-06 00:00:00,2021-11-25 00:00:00,200,17366000,1.1516756881262237e-05,TinyCD
Merthyr Tydfil_baseline,146,2021-11-25 00:00:00,2022-01-14 00:00:00,0,17366000,0.0,TinyCD
Merthyr Tydfil_baseline,147,2022-01-14 00:00:00,2022-03-20 00:00:00,4900,17366000,0.0002821605435909248,TinyCD
Merthyr Tydfil_baseline,148,2022-03-20 00:00:00,2022-05-14 00:00:00,107100,17366000,0.0061672233099159274,TinyCD
Merthyr Tydfil_baseline,149,2022-05-14 00:00:00,2022-07-18 00:00:00,11700,17366000,0.0006737302775538408,TinyCD
Merthyr Tydfil_baseline,150,2022-07-18 00:00:00,2022-09-16 00:00:00,66500,17366000,0.0038293216630196935,TinyCD
Merthyr Tydfil_baseline,151,2022-09-16 00:00:00,2022-11-25 00:00:00,100000,17366000,0.005758378440631118,TinyCD
Merthyr Tydfil_baseline,152,2022-11-25 00:00:00,2023-01-19 00:00:00,4600,17366000,0.00026488540826903145,TinyCD
Merthyr Tydfil_baseline,153,2023-01-19 00:00:00,2023-05-24 00:00:00,57200,17366000,0.003293792468041,TinyCD
MetCoal,154,2019-01-06 00:00:00,2019-05-01 00:00:00,81300,55820400,0.0014564567792419976,TinyCD
MetCoal,155,2019-05-01 00:00:00,2019-07-15 00:00:00,223600,55820400,0.00400570400785376,TinyCD
MetCoal,156,2019-07-15 00:00:00,2019-11-27 00:00:00,79700,55820400,0.0014277934231929545,TinyCD
MetCoal,157,2019-11-27 00:00:00,2020-01-21 00:00:00,72600,55820400,0.0013005997807253261,TinyCD
MetCoal,158,2020-01-21 00:00:00,2020-05-20 00:00:00,110200,55820400,0.001974188647877837,TinyCD
MetCoal,159,2020-05-20 00:00:00,2020-07-24 00:00:00,53100,55820400,0.0009512651288776146,TinyCD
MetCoal,160,2020-07-24 00:00:00,2020-11-16 00:00:00,152000,55820400,0.002723018824659085,TinyCD
MetCoal_baseline,161,2019-01-06 00:00:00,2019-03-17 00:00:00,31800,51689700,0.000615209606556045,TinyCD
MetCoal_baseline,162,2019-03-17 00:00:00,2019-05-01 00:00:00,245600,51689700,0.004751430168873102,TinyCD
MetCoal_baseline,163,2019-05-01 00:00:00,2019-07-15 00:00:00,102800,51689700,0.001988790803583693,TinyCD
MetCoal_baseline,164,2019-07-15 00:00:00,2019-09-23 00:00:00,100,51689700,1.9346214042642927e-06,TinyCD
MetCoal_baseline,165,2019-09-23 00:00:00,2019-11-27 00:00:00,9600,51689700,0.0001857236548093721,TinyCD
MetCoal_baseline,166,2019-11-27 00:00:00,2020-01-21 00:00:00,44900,51689700,0.0008686450105146673,TinyCD
MetCoal_baseline,167,2020-01-21 00:00:00,2020-03-11 00:00:00,196100,51689700,0.0037937925737622775,TinyCD
MetCoal_baseline,168,2020-03-11 00:00:00,2020-05-20 00:00:00,193100,51689700,0.0037357539316343487,TinyCD
MetCoal_baseline,169,2020-05-20 00:00:00,2020-07-24 00:00:00,450400,51689700,0.008713534804806373,TinyCD
MetCoal_baseline,170,2020-07-24 00:00:00,2020-11-16 00:00:00,8900,51689700,0.00017218130497952203,TinyCD
Ubuntu,171,2019-01-12 00:00:00,2019-03-28 00:00:00,85800,8738100,0.009819068218491434,TinyCD
Ubuntu,172,2019-03-28 00:00:00,2019-05-17 00:00:00,28900,8738100,0.003307355145855506,TinyCD
Ubuntu,173,2019-05-17 00:00:00,2019-07-16 00:00:00,23900,8738100,0.0027351483732161452,TinyCD
Ubuntu,174,2019-07-16 00:00:00,2019-09-19 00:00:00,171600,8738100,0.019638136436982867,TinyCD
Ubuntu,175,2019-09-19 00:00:00,2019-11-28 00:00:00,52200,8738100,0.005973838706354928,TinyCD
Ubuntu,176,2019-11-28 00:00:00,2020-01-27 00:00:00,95100,8738100,0.010883372815600645,TinyCD
Ubuntu,177,2020-01-27 00:00:00,2020-03-07 00:00:00,185300,8738100,0.021205982994014716,TinyCD
Ubuntu,178,2020-03-07 00:00:00,2020-05-21 00:00:00,138200,8738100,0.015815795195751936,TinyCD
Ubuntu,179,2020-05-21 00:00:00,2020-07-20 00:00:00,242600,8738100,0.027763472608461792,TinyCD
Ubuntu,180,2020-07-20 00:00:00,2020-09-18 00:00:00,294700,8738100,0.03372586717936393,TinyCD
Ubuntu,181,2020-09-18 00:00:00,2020-11-07 00:00:00,80400,8738100,0.009201084904040924,TinyCD
Ubuntu,182,2020-11-07 00:00:00,2021-01-21 00:00:00,74600,8738100,0.008537325047779265,TinyCD
Ubuntu,183,2021-01-21 00:00:00,2021-03-27 00:00:00,142800,8738100,0.016342225426580148,TinyCD
Ubuntu,184,2021-03-27 00:00:00,2021-05-26 00:00:00,95300,8738100,0.01090626108650622,TinyCD
Ubuntu,185,2021-05-26 00:00:00,2021-07-10 00:00:00,179900,8738100,0.020587999679564206,TinyCD
Ubuntu,186,2021-07-10 00:00:00,2021-09-03 00:00:00,207500,8738100,0.02374658106453348,TinyCD
Ubuntu,187,2021-09-03 00:00:00,2021-11-02 00:00:00,169600,8738100,0.019409253727927123,TinyCD
Ubuntu_baseline,188,2019-01-12 00:00:00,2019-03-28 00:00:00,1300,8523800,0.0001525141368873038,TinyCD
Ubuntu_baseline,189,2019-03-28 00:00:00,2019-05-17 00:00:00,25000,8523800,0.002932964170909688,TinyCD
Ubuntu_baseline,190,2019-05-17 00:00:00,2019-07-16 00:00:00,3600,8523800,0.0004223468406109951,TinyCD
Ubuntu_baseline,191,2019-07-16 00:00:00,2019-09-19 00:00:00,9000,8523800,0.0010558671015274876,TinyCD
Ubuntu_baseline,192,2019-09-19 00:00:00,2019-11-28 00:00:00,5000,8523800,0.0005865928341819376,TinyCD
Ubuntu_baseline,193,2019-11-28 00:00:00,2020-01-27 00:00:00,0,8523800,0.0,TinyCD
Ubuntu_baseline,194,2020-01-27 00:00:00,2020-03-07 00:00:00,2000,8523800,0.00023463713367277505,TinyCD
Ubuntu_baseline,195,2020-03-07 00:00:00,2020-05-21 00:00:00,0,8523800,0.0,TinyCD
Ubuntu_baseline,196,2020-05-21 00:00:00,2020-07-20 00:00:00,1800,8523800,0.00021117342030549754,TinyCD
Ubuntu_baseline,197,2020-07-20 00:00:00,2020-09-18 00:00:00,12700,8523800,0.0014899457988221216,TinyCD
Ubuntu_baseline,198,2020-09-18 00:00:00,2020-11-07 00:00:00,1300,8523800,0.0001525141368873038,TinyCD
Ubuntu_baseline,199,2020-11-07 00:00:00,2021-01-21 00:00:00,0,8523800,0.0,TinyCD
Ubuntu_baseline,200,2021-01-21 00:00:00,2021-03-27 00:00:00,800,8523800,9.385485346911003e-05,TinyCD
Ubuntu_baseline,201,2021-03-27 00:00:00,2021-05-26 00:00:00,5100,8523800,0.0005983246908655763,TinyCD
Ubuntu_baseline,202,2021-05-26 00:00:00,2021-07-10 00:00:00,92700,8523800,0.010875431145733123,TinyCD
Ubuntu_baseline,203,2021-07-10 00:00:00,2021-09-03 00:00:00,13000,8523800,0.0015251413688730378,TinyCD
Ubuntu_baseline,204,2021-09-03 00:00:00,2021-11-02 00:00:00,19900,8523800,0.0023346394800441116,TinyCD
Amazon,0,2020-07-15 00:00:00,2020-11-02 00:00:00,0,169290000,0.0,LSNet
Amazon,1,2020-11-02 00:00:00,2021-03-24 00:00:00,29700,169290000,0.00017543859649122806,LSNet
Amazon,2,2021-03-24 00:00:00,2021-05-23 00:00:00,220300,169290000,0.0013013172662295468,LSNet
Amazon,3,2021-05-23 00:00:00,2021-11-24 00:00:00,462400,169290000,0.0027314076436883456,LSNet
Amazon,4,2021-11-24 00:00:00,2022-01-18 00:00:00,200,169290000,1.18140469017662e-06,LSNet
Amazon,5,2022-01-18 00:00:00,2022-03-07 00:00:00,40700,169290000,0.00024041585445094216,LSNet
Amazon,6,2022-03-07 00:00:00,2022-11-27 00:00:00,9100,169290000,5.375391340303621e-05,LSNet
Amazon_baseline,7,2020-03-22 00:00:00,2020-05-01 00:00:00,13100,166662000,7.860220086162413e-05,LSNet
Amazon_baseline,8,2020-05-01 00:00:00,2020-07-15 00:00:00,100,166662000,6.000168004704131e-07,LSNet
Amazon_baseline,9,2020-07-15 00:00:00,2020-11-02 00:00:00,0,166662000,0.0,LSNet
Amazon_baseline,10,2020-11-02 00:00:00,2021-01-28 00:00:00,200,166662000,1.2000336009408262e-06,LSNet
Amazon_baseline,11,2021-01-28 00:00:00,2021-03-24 00:00:00,26300,166662000,0.00015780441852371866,LSNet
Amazon_baseline,12,2021-03-24 00:00:00,2021-05-23 00:00:00,471300,166662000,0.0028278791806170575,LSNet
Amazon_baseline,13,2021-05-23 00:00:00,2021-07-27 00:00:00,633900,166662000,0.003803506498181949,LSNet
Amazon_baseline,14,2021-07-27 00:00:00,2021-09-15 00:00:00,0,166662000,0.0,LSNet
Amazon_baseline,15,2021-09-15 00:00:00,2021-11-24 00:00:00,3900,166662000,2.3400655218346115e-05,LSNet
Amazon_baseline,16,2021-11-24 00:00:00,2022-01-18 00:00:00,0,166662000,0.0,LSNet
Amazon_baseline,17,2022-01-18 00:00:00,2022-03-07 00:00:00,741300,166662000,0.004447924541887173,LSNet
Amazon_baseline,18,2022-03-07 00:00:00,2022-07-07 00:00:00,0,166662000,0.0,LSNet
Amazon_baseline,19,2022-07-07 00:00:00,2022-09-08 00:00:00,0,166662000,0.0,LSNet
Amazon_baseline,20,2022-09-08 00:00:00,2022-11-27 00:00:00,49200,166662000,0.00029520826583144327,LSNet
Carrapateena,21,2019-01-25 00:00:00,2019-03-26 00:00:00,66300,4743000,0.013978494623655914,LSNet
Carrapateena,22,2019-03-26 00:00:00,2019-05-05 00:00:00,26000,4743000,0.005481762597512123,LSNet
Carrapateena,23,2019-05-05 00:00:00,2019-07-14 00:00:00,160800,4743000,0.03390259329538267,LSNet
Carrapateena,24,2019-07-14 00:00:00,2019-09-02 00:00:00,204400,4743000,0.043095087497364536,LSNet
Carrapateena,25,2019-09-02 00:00:00,2019-11-16 00:00:00,312600,4743000,0.06590765338393421,LSNet
Carrapateena,26,2019-11-16 00:00:00,2020-01-15 00:00:00,281500,4743000,0.059350621969217796,LSNet
Carrapateena,27,2020-01-15 00:00:00,2020-03-20 00:00:00,204400,4743000,0.043095087497364536,LSNet
Carrapateena,28,2020-03-20 00:00:00,2020-05-04 00:00:00,72000,4743000,0.015180265654648957,LSNet
Carrapateena,29,2020-05-04 00:00:00,2020-07-23 00:00:00,89800,4743000,0.01893316466371495,LSNet
Carrapateena,30,2020-07-23 00:00:00,2020-09-11 00:00:00,19800,4743000,0.004174573055028463,LSNet
Carrapateena,31,2020-09-11 00:00:00,2020-11-25 00:00:00,57900,4743000,0.012207463630613535,LSNet
Carrapateena_baseline,32,2019-01-25 00:00:00,2019-03-26 00:00:00,0,4781700,0.0,LSNet
Carrapateena_baseline,33,2019-03-26 00:00:00,2019-05-05 00:00:00,0,4781700,0.0,LSNet
Carrapateena_baseline,34,2019-05-05 00:00:00,2019-07-14 00:00:00,0,4781700,0.0,LSNet
Carrapateena_baseline,35,2019-07-14 00:00:00,2020-05-04 00:00:00,0,4781700,0.0,LSNet
Carrapateena_baseline,36,2020-05-04 00:00:00,2020-09-11 00:00:00,0,4781700,0.0,LSNet
Carrapateena_baseline,37,2020-09-11 00:00:00,2020-11-25 00:00:00,0,4781700,0.0,LSNet
Craters,38,2020-01-06 00:00:00,2020-03-11 00:00:00,9100,83030000,0.0001095989401421173,LSNet
Craters,39,2020-03-11 00:00:00,2020-05-10 00:00:00,100,83030000,1.2043839576056847e-06,LSNet
Craters,40,2020-05-10 00:00:00,2020-07-09 00:00:00,0,83030000,0.0,LSNet
Craters,41,2020-07-09 00:00:00,2020-09-07 00:00:00,0,83030000,0.0,LSNet
Craters,42,2020-09-07 00:00:00,2020-11-01 00:00:00,0,83030000,0.0,LSNet
Craters,43,2020-11-01 00:00:00,2021-01-15 00:00:00,72200,83030000,0.0008695652173913044,LSNet
Craters,44,2021-01-15 00:00:00,2021-03-06 00:00:00,75100,83030000,0.0009044923521618692,LSNet
Craters,45,2021-03-06 00:00:00,2021-05-05 00:00:00,20800,83030000,0.0002505118631819824,LSNet
Craters,46,2021-05-05 00:00:00,2021-07-24 00:00:00,0,83030000,0.0,LSNet
Craters,47,2021-07-24 00:00:00,2021-09-27 00:00:00,0,83030000,0.0,LSNet
Craters,48,2021-09-27 00:00:00,2021-11-21 00:00:00,500,83030000,6.021919788028423e-06,LSNet
Craters,49,2021-11-21 00:00:00,2022-01-10 00:00:00,0,83030000,0.0,LSNet
Craters,50,2022-01-10 00:00:00,2022-03-11 00:00:00,782600,83030000,0.009425508852222089,LSNet
Craters,51,2022-03-11 00:00:00,2022-05-15 00:00:00,0,83030000,0.0,LSNet
Craters,52,2022-05-15 00:00:00,2022-07-24 00:00:00,300,83030000,3.6131518728170542e-06,LSNet
Craters,53,2022-07-24 00:00:00,2022-09-02 00:00:00,0,83030000,0.0,LSNet
Craters,54,2022-09-02 00:00:00,2022-11-06 00:00:00,0,83030000,0.0,LSNet
Craters_baseline,55,2020-03-11 00:00:00,2020-05-10 00:00:00,0,78234200,0.0,LSNet
Craters_baseline,56,2020-05-10 00:00:00,2020-11-01 00:00:00,0,78234200,0.0,LSNet
Craters_baseline,57,2020-11-01 00:00:00,2021-01-15 00:00:00,737700,78234200,0.009429379989825421,LSNet
Craters_baseline,58,2021-01-15 00:00:00,2022-05-15 00:00:00,222300,78234200,0.002841468309256054,LSNet
Craters_baseline,59,2022-05-15 00:00:00,2022-07-24 00:00:00,0,78234200,0.0,LSNet
Iluka Western Australia,60,2019-01-27 00:00:00,2019-03-23 00:00:00,1002000,19535500,0.05129123902638786,LSNet
Iluka Western Australia,61,2019-03-23 00:00:00,2019-05-02 00:00:00,1317800,19535500,0.06745668142612167,LSNet
Iluka Western Australia,62,2019-05-02 00:00:00,2019-07-16 00:00:00,1789500,19535500,0.09160246730311485,LSNet
Iluka Western Australia,63,2019-07-16 00:00:00,2019-09-29 00:00:00,1124600,19535500,0.05756699342223132,LSNet
Iluka Western Australia,64,2019-09-29 00:00:00,2019-11-13 00:00:00,952600,19535500,0.04876250927798111,LSNet
Iluka Western Australia,65,2019-11-13 00:00:00,2020-01-07 00:00:00,1101600,19535500,0.05638964961224437,LSNet
Iluka Western Australia,66,2020-01-07 00:00:00,2020-03-22 00:00:00,1556500,19535500,0.07967546261933403,LSNet
Iluka Western Australia,67,2020-03-22 00:00:00,2020-05-21 00:00:00,1711200,19535500,0.08759437946302885,LSNet
Iluka Western Australia,68,2020-05-21 00:00:00,2020-07-20 00:00:00,1182000,19535500,0.06050523406106831,LSNet
Iluka Western Australia,69,2020-07-20 00:00:00,2020-09-23 00:00:00,856500,19535500,0.04384325970668782,LSNet
Iluka Western Australia,70,2020-09-23 00:00:00,2020-11-07 00:00:00,676900,19535500,0.03464974021652888,LSNet
Iluka Western Australia_baseline,71,2019-01-27 00:00:00,2019-03-23 00:00:00,100,20520900,4.8730806153726205e-06,LSNet
Iluka Western Australia_baseline,72,2019-03-23 00:00:00,2019-05-02 00:00:00,900,20520900,4.385772553835358e-05,LSNet
Iluka Western Australia_baseline,73,2019-05-02 00:00:00,2019-07-16 00:00:00,0,20520900,0.0,LSNet
Iluka Western Australia_baseline,74,2019-07-16 00:00:00,2019-09-29 00:00:00,0,20520900,0.0,LSNet
Iluka Western Australia_baseline,75,2019-09-29 00:00:00,2019-11-13 00:00:00,0,20520900,0.0,LSNet
Iluka Western Australia_baseline,76,2019-11-13 00:00:00,2020-01-07 00:00:00,9800,20520900,0.0004775619003065168,LSNet
Iluka Western Australia_baseline,77,2020-01-07 00:00:00,2020-03-22 00:00:00,100,20520900,4.8730806153726205e-06,LSNet
Iluka Western Australia_baseline,78,2020-03-22 00:00:00,2020-05-21 00:00:00,5400,20520900,0.0002631463532301215,LSNet
Iluka Western Australia_baseline,79,2020-05-21 00:00:00,2020-07-20 00:00:00,0,20520900,0.0,LSNet
Iluka Western Australia_baseline,80,2020-07-20 00:00:00,2020-09-23 00:00:00,0,20520900,0.0,LSNet
Iluka Western Australia_baseline,81,2020-09-23 00:00:00,2020-11-07 00:00:00,0,20520900,0.0,LSNet
London,82,2020-01-19 00:00:00,2020-03-27 00:00:00,64400,26805800,0.0024024651381417453,LSNet
London,83,2020-03-27 00:00:00,2020-05-21 00:00:00,67900,26805800,0.002533033895649449,LSNet
London,84,2020-05-21 00:00:00,2020-07-20 00:00:00,218500,26805800,0.008151221004409494,LSNet
London,85,2020-07-20 00:00:00,2020-09-20 00:00:00,10400,26805800,0.00038797573659431916,LSNet
London,86,2020-09-20 00:00:00,2020-11-04 00:00:00,4800,26805800,0.00017906572458199345,LSNet
London,87,2020-11-04 00:00:00,2021-01-21 00:00:00,1333300,26805800,0.049739235538577474,LSNet
London,88,2021-01-21 00:00:00,2021-03-09 00:00:00,508300,26805800,0.018962314126047347,LSNet
London,89,2021-03-09 00:00:00,2021-07-22 00:00:00,143800,26805800,0.00536451066560222,LSNet
London,90,2021-07-22 00:00:00,2021-09-08 00:00:00,20300,26805800,0.0007572987935446806,LSNet
London,91,2021-09-08 00:00:00,2021-11-02 00:00:00,4400,26805800,0.00016414358086682732,LSNet
London,92,2021-11-02 00:00:00,2022-01-13 00:00:00,4600,26805800,0.0001716046527244104,LSNet
London,93,2022-01-13 00:00:00,2022-03-19 00:00:00,127500,26805800,0.004756433309209201,LSNet
London,94,2022-03-19 00:00:00,2022-05-08 00:00:00,78000,26805800,0.0029098180244573934,LSNet
London,95,2022-05-08 00:00:00,2022-07-10 00:00:00,58300,26805800,0.002174902446485462,LSNet
London,96,2022-07-10 00:00:00,2022-09-25 00:00:00,39100,26805800,0.0014586395481574882,LSNet
London,97,2022-09-25 00:00:00,2022-11-04 00:00:00,29500,26805800,0.0011005080989935014,LSNet
London_baseline,98,2020-01-19 00:00:00,2020-03-27 00:00:00,14600,26998400,0.0005407727865354984,LSNet
London_baseline,99,2020-03-27 00:00:00,2020-05-21 00:00:00,15000,26998400,0.0005555884793172929,LSNet
London_baseline,100,2020-05-21 00:00:00,2020-07-20 00:00:00,46400,26998400,0.0017186203626881594,LSNet
London_baseline,101,2020-07-20 00:00:00,2020-09-20 00:00:00,2400,26998400,8.889415669076685e-05,LSNet
London_baseline,102,2020-09-20 00:00:00,2020-11-04 00:00:00,0,26998400,0.0,LSNet
London_baseline,103,2020-11-04 00:00:00,2021-01-21 00:00:00,814500,26998400,0.030168454426929003,LSNet
London_baseline,104,2021-01-21 00:00:00,2021-03-09 00:00:00,422200,26998400,0.01563796373118407,LSNet
London_baseline,105,2021-03-09 00:00:00,2021-07-22 00:00:00,62800,26998400,0.0023260637667417328,LSNet
London_baseline,106,2021-07-22 00:00:00,2021-09-08 00:00:00,700,26998400,2.5927462368140334e-05,LSNet
London_baseline,107,2021-09-08 00:00:00,2021-11-02 00:00:00,1100,26998400,4.074315514993481e-05,LSNet
London_baseline,108,2021-11-02 00:00:00,2022-01-13 00:00:00,300,26998400,1.1111769586345857e-05,LSNet
London_baseline,109,2022-01-13 00:00:00,2022-03-19 00:00:00,251200,26998400,0.009304255066966931,LSNet
London_baseline,110,2022-03-19 00:00:00,2022-05-08 00:00:00,37300,26998400,0.001381563351902335,LSNet
London_baseline,111,2022-05-08 00:00:00,2022-07-10 00:00:00,11900,26998400,0.0004407668602583857,LSNet
London_baseline,112,2022-07-10 00:00:00,2022-09-25 00:00:00,2600,26998400,9.63020030816641e-05,LSNet
London_baseline,113,2022-09-25 00:00:00,2022-11-04 00:00:00,22700,26998400,0.0008407905653668366,LSNet
Meliadine,114,2019-07-21 00:00:00,2019-09-13 00:00:00,75300,22447200,0.0033545386507003103,LSNet
Meliadine,115,2019-09-13 00:00:00,2020-07-12 00:00:00,223000,22447200,0.009934423892512206,LSNet
Meliadine,116,2020-07-12 00:00:00,2020-09-27 00:00:00,234300,22447200,0.010437827435047578,LSNet
Meliadine_baseline,117,2019-01-29 00:00:00,2019-03-12 00:00:00,0,21451300,0.0,LSNet
Meliadine_baseline,118,2019-03-12 00:00:00,2019-05-01 00:00:00,0,21451300,0.0,LSNet
Meliadine_baseline,119,2019-05-01 00:00:00,2019-07-21 00:00:00,0,21451300,0.0,LSNet
Meliadine_baseline,120,2019-07-21 00:00:00,2019-09-13 00:00:00,0,21451300,0.0,LSNet
Meliadine_baseline,121,2019-09-13 00:00:00,2019-11-17 00:00:00,0,21451300,0.0,LSNet
Meliadine_baseline,122,2019-11-17 00:00:00,2020-01-26 00:00:00,0,21451300,0.0,LSNet
Meliadine_baseline,123,2020-01-26 00:00:00,2020-03-04 00:00:00,0,21451300,0.0,LSNet
Meliadine_baseline,124,2020-03-04 00:00:00,2020-05-13 00:00:00,13700,21451300,0.0006386559322745009,LSNet
Meliadine_baseline,125,2020-05-13 00:00:00,2020-07-12 00:00:00,0,21451300,0.0,LSNet
Meliadine_baseline,126,2020-07-12 00:00:00,2020-09-27 00:00:00,0,21451300,0.0,LSNet
Meliadine_baseline,127,2020-09-27 00:00:00,2020-11-12 00:00:00,0,21451300,0.0,LSNet
Merthyr Tydfil,128,2021-01-09 00:00:00,2021-03-25 00:00:00,629300,18080800,0.034804875890447326,LSNet
Merthyr Tydfil,129,2021-03-25 00:00:00,2021-05-19 00:00:00,246100,18080800,0.013611123401619397,LSNet
Merthyr Tydfil,130,2021-05-19 00:00:00,2021-07-18 00:00:00,40400,18080800,0.002234414406442193,LSNet
Merthyr Tydfil,131,2021-07-18 00:00:00,2021-09-06 00:00:00,31500,18080800,0.0017421795495774523,LSNet
Merthyr Tydfil,132,2021-09-06 00:00:00,2021-11-25 00:00:00,138500,18080800,0.007660059289411973,LSNet
Merthyr Tydfil,133,2021-11-25 00:00:00,2022-01-14 00:00:00,13700,18080800,0.0007577098358479713,LSNet
Merthyr Tydfil,134,2022-01-14 00:00:00,2022-03-20 00:00:00,72800,18080800,0.0040263705145790005,LSNet
Merthyr Tydfil,135,2022-03-20 00:00:00,2022-05-14 00:00:00,269300,18080800,0.014894252466705013,LSNet
Merthyr Tydfil,136,2022-05-14 00:00:00,2022-07-18 00:00:00,258000,18080800,0.014269280120348657,LSNet
Merthyr Tydfil,137,2022-07-18 00:00:00,2022-09-16 00:00:00,151100,18080800,0.008356931109242955,LSNet
Merthyr Tydfil,138,2022-09-16 00:00:00,2022-11-25 00:00:00,171500,18080800,0.009485199769921685,LSNet
Merthyr Tydfil,139,2022-11-25 00:00:00,2023-01-19 00:00:00,333200,18080800,0.018428388124419274,LSNet
Merthyr Tydfil,140,2023-01-19 00:00:00,2023-05-24 00:00:00,800,18080800,4.424582983053847e-05,LSNet
Merthyr Tydfil_baseline,141,2021-01-09 00:00:00,2021-03-25 00:00:00,704000,17366000,0.04053898422204307,LSNet
Merthyr Tydfil_baseline,142,2021-03-25 00:00:00,2021-05-19 00:00:00,107700,17366000,0.006201773580559715,LSNet
Merthyr Tydfil_baseline,143,2021-05-19 00:00:00,2021-07-18 00:00:00,400,17366000,2.3033513762524475e-05,LSNet
Merthyr Tydfil_baseline,144,2021-07-18 00:00:00,2021-09-06 00:00:00,0,17366000,0.0,LSNet
Merthyr Tydfil_baseline,145,2021-09-06 00:00:00,2021-11-25 00:00:00,3600,17366000,0.00020730162386272026,LSNet
Merthyr Tydfil_baseline,146,2021-11-25 00:00:00,2022-01-14 00:00:00,17000,17366000,0.0009789243349072902,LSNet
Merthyr Tydfil_baseline,147,2022-01-14 00:00:00,2022-03-20 00:00:00,1000,17366000,5.758378440631118e-05,LSNet
Merthyr Tydfil_baseline,148,2022-03-20 00:00:00,2022-05-14 00:00:00,5600,17366000,0.0003224691926753426,LSNet
Merthyr Tydfil_baseline,149,2022-05-14 00:00:00,2022-07-18 00:00:00,0,17366000,0.0,LSNet
Merthyr Tydfil_baseline,150,2022-07-18 00:00:00,2022-09-16 00:00:00,0,17366000,0.0,LSNet
Merthyr Tydfil_baseline,151,2022-09-16 00:00:00,2022-11-25 00:00:00,82000,17366000,0.004721870321317517,LSNet
Merthyr Tydfil_baseline,152,2022-11-25 00:00:00,2023-01-19 00:00:00,823300,17366000,0.047408729701715994,LSNet
Merthyr Tydfil_baseline,153,2023-01-19 00:00:00,2023-05-24 00:00:00,0,17366000,0.0,LSNet
MetCoal,154,2019-01-06 00:00:00,2019-05-01 00:00:00,172000,55820400,0.003081310775272123,LSNet
MetCoal,155,2019-05-01 00:00:00,2019-07-15 00:00:00,88800,55820400,0.0015908162607218867,LSNet
MetCoal,156,2019-07-15 00:00:00,2019-11-27 00:00:00,201100,55820400,0.003602625563414092,LSNet
MetCoal,157,2019-11-27 00:00:00,2020-01-21 00:00:00,216500,55820400,0.0038785103653861315,LSNet
MetCoal,158,2020-01-21 00:00:00,2020-05-20 00:00:00,8200,55820400,0.00014689969975134539,LSNet
MetCoal,159,2020-05-20 00:00:00,2020-07-24 00:00:00,135700,55820400,0.0024310108849094595,LSNet
MetCoal,160,2020-07-24 00:00:00,2020-11-16 00:00:00,610000,55820400,0.010927904493697644,LSNet
MetCoal_baseline,161,2019-01-06 00:00:00,2019-03-17 00:00:00,609600,51689700,0.011793452080395127,LSNet
MetCoal_baseline,162,2019-03-17 00:00:00,2019-05-01 00:00:00,1067700,51689700,0.02065595273332985,LSNet
MetCoal_baseline,163,2019-05-01 00:00:00,2019-07-15 00:00:00,189600,51689700,0.0036680421824850985,LSNet
MetCoal_baseline,164,2019-07-15 00:00:00,2019-09-23 00:00:00,144300,51689700,0.002791658686353374,LSNet
MetCoal_baseline,165,2019-09-23 00:00:00,2019-11-27 00:00:00,64800,51689700,0.0012536346699632615,LSNet
MetCoal_baseline,166,2019-11-27 00:00:00,2020-01-21 00:00:00,271400,51689700,0.00525056249117329,LSNet
MetCoal_baseline,167,2020-01-21 00:00:00,2020-03-11 00:00:00,319300,51689700,0.006177246143815886,LSNet
MetCoal_baseline,168,2020-03-11 00:00:00,2020-05-20 00:00:00,5400,51689700,0.00010446955583027179,LSNet
MetCoal_baseline,169,2020-05-20 00:00:00,2020-07-24 00:00:00,75200,51689700,0.001454835296006748,LSNet
MetCoal_baseline,170,2020-07-24 00:00:00,2020-11-16 00:00:00,731500,51689700,0.0141517555721933,LSNet
Ubuntu,171,2019-01-12 00:00:00,2019-03-28 00:00:00,70500,8738100,0.008068115494214989,LSNet
Ubuntu,172,2019-03-28 00:00:00,2019-05-17 00:00:00,21500,8738100,0.002460489122349252,LSNet
Ubuntu,173,2019-05-17 00:00:00,2019-07-16 00:00:00,12600,8738100,0.0014419610670511895,LSNet
Ubuntu,174,2019-07-16 00:00:00,2019-09-19 00:00:00,46500,8738100,0.005321522985546057,LSNet
Ubuntu,175,2019-09-19 00:00:00,2019-11-28 00:00:00,220300,8738100,0.025211430402490242,LSNet
Ubuntu,176,2019-11-28 00:00:00,2020-01-27 00:00:00,218300,8738100,0.024982547693434498,LSNet
Ubuntu,177,2020-01-27 00:00:00,2020-03-07 00:00:00,242800,8738100,0.027786360879367367,LSNet
Ubuntu,178,2020-03-07 00:00:00,2020-05-21 00:00:00,350400,8738100,0.040100250626566414,LSNet
Ubuntu,179,2020-05-21 00:00:00,2020-07-20 00:00:00,265900,8738100,0.030429956168961214,LSNet
Ubuntu,180,2020-07-20 00:00:00,2020-09-18 00:00:00,298600,8738100,0.034172188462022635,LSNet
Ubuntu,181,2020-09-18 00:00:00,2020-11-07 00:00:00,628000,8738100,0.07186917064350373,LSNet
Ubuntu,182,2020-11-07 00:00:00,2021-01-21 00:00:00,184900,8738100,0.021160206452203567,LSNet
Ubuntu,183,2021-01-21 00:00:00,2021-03-27 00:00:00,203100,8738100,0.02324303910461084,LSNet
Ubuntu,184,2021-03-27 00:00:00,2021-05-26 00:00:00,67700,8738100,0.007747679701536947,LSNet
Ubuntu,185,2021-05-26 00:00:00,2021-07-10 00:00:00,142300,8738100,0.016285004749316212,LSNet
Ubuntu,186,2021-07-10 00:00:00,2021-09-03 00:00:00,211500,8738100,0.024204346482644967,LSNet
Ubuntu,187,2021-09-03 00:00:00,2021-11-02 00:00:00,628400,8738100,0.07191494718531488,LSNet
Ubuntu_baseline,188,2019-01-12 00:00:00,2019-03-28 00:00:00,0,8523800,0.0,LSNet
Ubuntu_baseline,189,2019-03-28 00:00:00,2019-05-17 00:00:00,0,8523800,0.0,LSNet
Ubuntu_baseline,190,2019-05-17 00:00:00,2019-07-16 00:00:00,0,8523800,0.0,LSNet
Ubuntu_baseline,191,2019-07-16 00:00:00,2019-09-19 00:00:00,0,8523800,0.0,LSNet
Ubuntu_baseline,192,2019-09-19 00:00:00,2019-11-28 00:00:00,0,8523800,0.0,LSNet
Ubuntu_baseline,193,2019-11-28 00:00:00,2020-01-27 00:00:00,0,8523800,0.0,LSNet
Ubuntu_baseline,194,2020-01-27 00:00:00,2020-03-07 00:00:00,0,8523800,0.0,LSNet
Ubuntu_baseline,195,2020-03-07 00:00:00,2020-05-21 00:00:00,0,8523800,0.0,LSNet
Ubuntu_baseline,196,2020-05-21 00:00:00,2020-07-20 00:00:00,0,8523800,0.0,LSNet
Ubuntu_baseline,197,2020-07-20 00:00:00,2020-09-18 00:00:00,0,8523800,0.0,LSNet
Ubuntu_baseline,198,2020-09-18 00:00:00,2020-11-07 00:00:00,0,8523800,0.0,LSNet
Ubuntu_baseline,199,2020-11-07 00:00:00,2021-01-21 00:00:00,0,8523800,0.0,LSNet
Ubuntu_baseline,200,2021-01-21 00:00:00,2021-03-27 00:00:00,0,8523800,0.0,LSNet
Ubuntu_baseline,201,2021-03-27 00:00:00,2021-05-26 00:00:00,0,8523800,0.0,LSNet
Ubuntu_baseline,202,2021-05-26 00:00:00,2021-07-10 00:00:00,0,8523800,0.0,LSNet
Ubuntu_baseline,203,2021-07-10 00:00:00,2021-09-03 00:00:00,0,8523800,0.0,LSNet
Ubuntu_baseline,204,2021-09-03 00:00:00,2021-11-02 00:00:00,0,8523800,0.0,LSNet
Amazon,0,2020-07-15 00:00:00,2020-11-02 00:00:00,4600,169290000,2.717230787406226e-05,DDPMCD
Amazon,1,2020-11-02 00:00:00,2021-03-24 00:00:00,338600,169290000,0.002000118140469018,DDPMCD
Amazon,2,2021-03-24 00:00:00,2021-05-23 00:00:00,3016700,169290000,0.01781971764427905,DDPMCD
Amazon,3,2021-05-23 00:00:00,2021-11-24 00:00:00,59100,169290000,0.0003491050859471912,DDPMCD
Amazon,4,2021-11-24 00:00:00,2022-01-18 00:00:00,128900,169290000,0.0007614153228188315,DDPMCD
Amazon,5,2022-01-18 00:00:00,2022-03-07 00:00:00,2496500,169290000,0.014746884045129659,DDPMCD
Amazon,6,2022-03-07 00:00:00,2022-11-27 00:00:00,2897100,169290000,0.017113237639553427,DDPMCD
Amazon_baseline,7,2020-03-22 00:00:00,2020-05-01 00:00:00,57000,166662000,0.00034200957626813553,DDPMCD
Amazon_baseline,8,2020-05-01 00:00:00,2020-07-15 00:00:00,367700,166662000,0.0022062617753297094,DDPMCD
Amazon_baseline,9,2020-07-15 00:00:00,2020-11-02 00:00:00,7500,166662000,4.5001260035280985e-05,DDPMCD
Amazon_baseline,10,2020-11-02 00:00:00,2021-01-28 00:00:00,56900,166662000,0.0003414095594676651,DDPMCD
Amazon_baseline,11,2021-01-28 00:00:00,2021-03-24 00:00:00,3216500,166662000,0.019299540387130838,DDPMCD
Amazon_baseline,12,2021-03-24 00:00:00,2021-05-23 00:00:00,2498700,166662000,0.014992619793354214,DDPMCD
Amazon_baseline,13,2021-05-23 00:00:00,2021-07-27 00:00:00,100700,166662000,0.000604216918073706,DDPMCD
Amazon_baseline,14,2021-07-27 00:00:00,2021-09-15 00:00:00,0,166662000,0.0,DDPMCD
Amazon_baseline,15,2021-09-15 00:00:00,2021-11-24 00:00:00,4600,166662000,2.7600772821639006e-05,DDPMCD
Amazon_baseline,16,2021-11-24 00:00:00,2022-01-18 00:00:00,91900,166662000,0.0005514154396323097,DDPMCD
Amazon_baseline,17,2022-01-18 00:00:00,2022-03-07 00:00:00,3741800,166662000,0.02245142864000192,DDPMCD
Amazon_baseline,18,2022-03-07 00:00:00,2022-07-07 00:00:00,1381100,166662000,0.008286832031296876,DDPMCD
Amazon_baseline,19,2022-07-07 00:00:00,2022-09-08 00:00:00,28800,166662000,0.000172804838535479,DDPMCD
Amazon_baseline,20,2022-09-08 00:00:00,2022-11-27 00:00:00,244300,166662000,0.0014658410435492194,DDPMCD
Carrapateena,21,2019-01-25 00:00:00,2019-03-26 00:00:00,124400,4743000,0.026228125658865696,DDPMCD
Carrapateena,22,2019-03-26 00:00:00,2019-05-05 00:00:00,13500,4743000,0.0028462998102466793,DDPMCD
Carrapateena,23,2019-05-05 00:00:00,2019-07-14 00:00:00,210500,4743000,0.04438119333755007,DDPMCD
Carrapateena,24,2019-07-14 00:00:00,2019-09-02 00:00:00,130100,4743000,0.02742989668985874,DDPMCD
Carrapateena,25,2019-09-02 00:00:00,2019-11-16 00:00:00,178200,4743000,0.03757115749525617,DDPMCD
Carrapateena,26,2019-11-16 00:00:00,2020-01-15 00:00:00,212500,4743000,0.044802867383512544,DDPMCD
Carrapateena,27,2020-01-15 00:00:00,2020-03-20 00:00:00,131900,4743000,0.027809403331224964,DDPMCD
Carrapateena,28,2020-03-20 00:00:00,2020-05-04 00:00:00,39300,4743000,0.008285895003162555,DDPMCD
Carrapateena,29,2020-05-04 00:00:00,2020-07-23 00:00:00,88300,4743000,0.018616909129243096,DDPMCD
Carrapateena,30,2020-07-23 00:00:00,2020-09-11 00:00:00,4300,4743000,0.0009065991988193127,DDPMCD
Carrapateena,31,2020-09-11 00:00:00,2020-11-25 00:00:00,50300,4743000,0.010605102255956145,DDPMCD
Carrapateena_baseline,32,2019-01-25 00:00:00,2019-03-26 00:00:00,0,4781700,0.0,DDPMCD
Carrapateena_baseline,33,2019-03-26 00:00:00,2019-05-05 00:00:00,0,4781700,0.0,DDPMCD
Carrapateena_baseline,34,2019-05-05 00:00:00,2019-07-14 00:00:00,0,4781700,0.0,DDPMCD
Carrapateena_baseline,35,2019-07-14 00:00:00,2020-05-04 00:00:00,0,4781700,0.0,DDPMCD
Carrapateena_baseline,36,2020-05-04 00:00:00,2020-09-11 00:00:00,0,4781700,0.0,DDPMCD
Carrapateena_baseline,37,2020-09-11 00:00:00,2020-11-25 00:00:00,0,4781700,0.0,DDPMCD
Craters,38,2020-01-06 00:00:00,2020-03-11 00:00:00,200,83030000,2.4087679152113693e-06,DDPMCD
Craters,39,2020-03-11 00:00:00,2020-05-10 00:00:00,227100,83030000,0.0027351559677225097,DDPMCD
Craters,40,2020-05-10 00:00:00,2020-07-09 00:00:00,900,83030000,1.0839455618451163e-05,DDPMCD
Craters,41,2020-07-09 00:00:00,2020-09-07 00:00:00,0,83030000,0.0,DDPMCD
Craters,42,2020-09-07 00:00:00,2020-11-01 00:00:00,0,83030000,0.0,DDPMCD
Craters,43,2020-11-01 00:00:00,2021-01-15 00:00:00,4439500,83030000,0.05346862579790437,DDPMCD
Craters,44,2021-01-15 00:00:00,2021-03-06 00:00:00,1504100,83030000,0.018115139106347104,DDPMCD
Craters,45,2021-03-06 00:00:00,2021-05-05 00:00:00,1088400,83030000,0.013108514994580272,DDPMCD
Craters,46,2021-05-05 00:00:00,2021-07-24 00:00:00,443500,83030000,0.005341442851981211,DDPMCD
Craters,47,2021-07-24 00:00:00,2021-09-27 00:00:00,1600,83030000,1.9270143321690955e-05,DDPMCD
Craters,48,2021-09-27 00:00:00,2021-11-21 00:00:00,495100,83030000,0.005962904974105745,DDPMCD
Craters,49,2021-11-21 00:00:00,2022-01-10 00:00:00,0,83030000,0.0,DDPMCD
Craters,50,2022-01-10 00:00:00,2022-03-11 00:00:00,1076900,83030000,0.012970010839455618,DDPMCD
Craters,51,2022-03-11 00:00:00,2022-05-15 00:00:00,300,83030000,3.6131518728170542e-06,DDPMCD
Craters,52,2022-05-15 00:00:00,2022-07-24 00:00:00,0,83030000,0.0,DDPMCD
Craters,53,2022-07-24 00:00:00,2022-09-02 00:00:00,0,83030000,0.0,DDPMCD
Craters,54,2022-09-02 00:00:00,2022-11-06 00:00:00,3500,83030000,4.215343851619897e-05,DDPMCD
Craters_baseline,55,2020-03-11 00:00:00,2020-05-10 00:00:00,201800,78234200,0.002579434569536085,DDPMCD
Craters_baseline,56,2020-05-10 00:00:00,2020-11-01 00:00:00,0,78234200,0.0,DDPMCD
Craters_baseline,57,2020-11-01 00:00:00,2021-01-15 00:00:00,1314400,78234200,0.016800836462825722,DDPMCD
Craters_baseline,58,2021-01-15 00:00:00,2022-05-15 00:00:00,722800,78234200,0.009238926198516762,DDPMCD
Craters_baseline,59,2022-05-15 00:00:00,2022-07-24 00:00:00,0,78234200,0.0,DDPMCD
Iluka Western Australia,60,2019-01-27 00:00:00,2019-03-23 00:00:00,1868500,19535500,0.09564638734611348,DDPMCD
Iluka Western Australia,61,2019-03-23 00:00:00,2019-05-02 00:00:00,1199500,19535500,0.061401039133884464,DDPMCD
Iluka Western Australia,62,2019-05-02 00:00:00,2019-07-16 00:00:00,1683400,19535500,0.08617132911878375,DDPMCD
Iluka Western Australia,63,2019-07-16 00:00:00,2019-09-29 00:00:00,1559300,19535500,0.07981879143098462,DDPMCD
Iluka Western Australia,64,2019-09-29 00:00:00,2019-11-13 00:00:00,967200,19535500,0.0495098666530163,DDPMCD
Iluka Western Australia,65,2019-11-13 00:00:00,2020-01-07 00:00:00,1129800,19535500,0.05783317550101098,DDPMCD
Iluka Western Australia,66,2020-01-07 00:00:00,2020-03-22 00:00:00,1530500,19535500,0.07834455222543575,DDPMCD
Iluka Western Australia,67,2020-03-22 00:00:00,2020-05-21 00:00:00,1422500,19535500,0.07281615520462748,DDPMCD
Iluka Western Australia,68,2020-05-21 00:00:00,2020-07-20 00:00:00,1441400,19535500,0.07378362468326892,DDPMCD
Iluka Western Australia,69,2020-07-20 00:00:00,2020-09-23 00:00:00,1276600,19535500,0.06534770034040593,DDPMCD
Iluka Western Australia,70,2020-09-23 00:00:00,2020-11-07 00:00:00,903600,19535500,0.046254255074095876,DDPMCD
Iluka Western Australia_baseline,71,2019-01-27 00:00:00,2019-03-23 00:00:00,294300,20520900,0.01434147625104162,DDPMCD
Iluka Western Australia_baseline,72,2019-03-23 00:00:00,2019-05-02 00:00:00,84600,20520900,0.004122626200605236,DDPMCD
Iluka Western Australia_baseline,73,2019-05-02 00:00:00,2019-07-16 00:00:00,18100,20520900,0.0008820275913824443,DDPMCD
Iluka Western Australia_baseline,74,2019-07-16 00:00:00,2019-09-29 00:00:00,56900,20520900,0.002772782870147021,DDPMCD
Iluka Western Australia_baseline,75,2019-09-29 00:00:00,2019-11-13 00:00:00,226300,20520900,0.01102778143258824,DDPMCD
Iluka Western Australia_baseline,76,2019-11-13 00:00:00,2020-01-07 00:00:00,339200,20520900,0.016529489447343927,DDPMCD
Iluka Western Australia_baseline,77,2020-01-07 00:00:00,2020-03-22 00:00:00,1236600,20520900,0.060260514889697823,DDPMCD
Iluka Western Australia_baseline,78,2020-03-22 00:00:00,2020-05-21 00:00:00,64800,20520900,0.003157756238761458,DDPMCD
Iluka Western Australia_baseline,79,2020-05-21 00:00:00,2020-07-20 00:00:00,600,20520900,2.923848369223572e-05,DDPMCD
Iluka Western Australia_baseline,80,2020-07-20 00:00:00,2020-09-23 00:00:00,0,20520900,0.0,DDPMCD
Iluka Western Australia_baseline,81,2020-09-23 00:00:00,2020-11-07 00:00:00,45200,20520900,0.002202632438148424,DDPMCD
London,82,2020-01-19 00:00:00,2020-03-27 00:00:00,200,26805800,7.4610718575830605e-06,DDPMCD
London,83,2020-03-27 00:00:00,2020-05-21 00:00:00,5500,26805800,0.00020517947608353416,DDPMCD
London,84,2020-05-21 00:00:00,2020-07-20 00:00:00,288300,26805800,0.010755135082705982,DDPMCD
London,85,2020-07-20 00:00:00,2020-09-20 00:00:00,287800,26805800,0.010736482403062023,DDPMCD
London,86,2020-09-20 00:00:00,2020-11-04 00:00:00,4400,26805800,0.00016414358086682732,DDPMCD
London,87,2020-11-04 00:00:00,2021-01-21 00:00:00,3043500,26805800,0.11353886099277022,DDPMCD
London,88,2021-01-21 00:00:00,2021-03-09 00:00:00,6020400,26805800,0.2245931850569653,DDPMCD
London,89,2021-03-09 00:00:00,2021-07-22 00:00:00,42800,26805800,0.001596669377522775,DDPMCD
London,90,2021-07-22 00:00:00,2021-09-08 00:00:00,32700,26805800,0.0012198852487148304,DDPMCD
London,91,2021-09-08 00:00:00,2021-11-02 00:00:00,4300,26805800,0.0001604130449380358,DDPMCD
London,92,2021-11-02 00:00:00,2022-01-13 00:00:00,10600,26805800,0.0003954368084519022,DDPMCD
London,93,2022-01-13 00:00:00,2022-03-19 00:00:00,3600,26805800,0.0001342992934364951,DDPMCD
London,94,2022-03-19 00:00:00,2022-05-08 00:00:00,79700,26805800,0.0029732371352468494,DDPMCD
London,95,2022-05-08 00:00:00,2022-07-10 00:00:00,108600,26805800,0.0040513620186676015,DDPMCD
London,96,2022-07-10 00:00:00,2022-09-25 00:00:00,27100,26805800,0.0010109752367025047,DDPMCD
London,97,2022-09-25 00:00:00,2022-11-04 00:00:00,28200,26805800,0.0010520111319192115,DDPMCD
London_baseline,98,2020-01-19 00:00:00,2020-03-27 00:00:00,500,26998400,1.8519615977243096e-05,DDPMCD
London_baseline,99,2020-03-27 00:00:00,2020-05-21 00:00:00,58000,26998400,0.002148275453360199,DDPMCD
London_baseline,100,2020-05-21 00:00:00,2020-07-20 00:00:00,20700,26998400,0.0007667121014578642,DDPMCD
London_baseline,101,2020-07-20 00:00:00,2020-09-20 00:00:00,303400,26998400,0.011237702974991111,DDPMCD
London_baseline,102,2020-09-20 00:00:00,2020-11-04 00:00:00,300,26998400,1.1111769586345857e-05,DDPMCD
London_baseline,103,2020-11-04 00:00:00,2021-01-21 00:00:00,940800,26998400,0.03484650942278061,DDPMCD
London_baseline,104,2021-01-21 00:00:00,2021-03-09 00:00:00,3346500,26998400,0.12395178973568804,DDPMCD
London_baseline,105,2021-03-09 00:00:00,2021-07-22 00:00:00,2700,26998400,0.00010000592627711271,DDPMCD
London_baseline,106,2021-07-22 00:00:00,2021-09-08 00:00:00,3000,26998400,0.00011111769586345857,DDPMCD
London_baseline,107,2021-09-08 00:00:00,2021-11-02 00:00:00,200,26998400,7.407846390897239e-06,DDPMCD
London_baseline,108,2021-11-02 00:00:00,2022-01-13 00:00:00,3400,26998400,0.00012593338864525305,DDPMCD
London_baseline,109,2022-01-13 00:00:00,2022-03-19 00:00:00,0,26998400,0.0,DDPMCD
London_baseline,110,2022-03-19 00:00:00,2022-05-08 00:00:00,12600,26998400,0.000466694322626526,DDPMCD
London_baseline,111,2022-05-08 00:00:00,2022-07-10 00:00:00,72700,26998400,0.002692752163091146,DDPMCD
London_baseline,112,2022-07-10 00:00:00,2022-09-25 00:00:00,134600,26998400,0.004985480621073841,DDPMCD
London_baseline,113,2022-09-25 00:00:00,2022-11-04 00:00:00,2800,26998400,0.00010370984947256134,DDPMCD
Meliadine,114,2019-07-21 00:00:00,2019-09-13 00:00:00,58800,22447200,0.002619480380626537,DDPMCD
Meliadine,115,2019-09-13 00:00:00,2020-07-12 00:00:00,122700,22447200,0.005466160590184967,DDPMCD
Meliadine,116,2020-07-12 00:00:00,2020-09-27 00:00:00,616400,22447200,0.02745999501051356,DDPMCD
Meliadine_baseline,117,2019-01-29 00:00:00,2019-03-12 00:00:00,0,21451300,0.0,DDPMCD
Meliadine_baseline,118,2019-03-12 00:00:00,2019-05-01 00:00:00,0,21451300,0.0,DDPMCD
Meliadine_baseline,119,2019-05-01 00:00:00,2019-07-21 00:00:00,0,21451300,0.0,DDPMCD
Meliadine_baseline,120,2019-07-21 00:00:00,2019-09-13 00:00:00,0,21451300,0.0,DDPMCD
Meliadine_baseline,121,2019-09-13 00:00:00,2019-11-17 00:00:00,0,21451300,0.0,DDPMCD
Meliadine_baseline,122,2019-11-17 00:00:00,2020-01-26 00:00:00,7700,21451300,0.0003589526042710698,DDPMCD
Meliadine_baseline,123,2020-01-26 00:00:00,2020-03-04 00:00:00,0,21451300,0.0,DDPMCD
Meliadine_baseline,124,2020-03-04 00:00:00,2020-05-13 00:00:00,11500,21451300,0.0005360980453399095,DDPMCD
Meliadine_baseline,125,2020-05-13 00:00:00,2020-07-12 00:00:00,0,21451300,0.0,DDPMCD
Meliadine_baseline,126,2020-07-12 00:00:00,2020-09-27 00:00:00,0,21451300,0.0,DDPMCD
Meliadine_baseline,127,2020-09-27 00:00:00,2020-11-12 00:00:00,0,21451300,0.0,DDPMCD
Merthyr Tydfil,128,2021-01-09 00:00:00,2021-03-25 00:00:00,79800,18080800,0.0044135215255962125,DDPMCD
Merthyr Tydfil,129,2021-03-25 00:00:00,2021-05-19 00:00:00,1300,18080800,7.189947347462502e-05,DDPMCD
Merthyr Tydfil,130,2021-05-19 00:00:00,2021-07-18 00:00:00,1000,18080800,5.5307287288173086e-05,DDPMCD
Merthyr Tydfil,131,2021-07-18 00:00:00,2021-09-06 00:00:00,900,18080800,4.977655855935578e-05,DDPMCD
Merthyr Tydfil,132,2021-09-06 00:00:00,2021-11-25 00:00:00,55800,18080800,0.003086146630680058,DDPMCD
Merthyr Tydfil,133,2021-11-25 00:00:00,2022-01-14 00:00:00,19900,18080800,0.0011006150170346444,DDPMCD
Merthyr Tydfil,134,2022-01-14 00:00:00,2022-03-20 00:00:00,81900,18080800,0.004529666828901376,DDPMCD
Merthyr Tydfil,135,2022-03-20 00:00:00,2022-05-14 00:00:00,12100,18080800,0.0006692181761868944,DDPMCD
Merthyr Tydfil,136,2022-05-14 00:00:00,2022-07-18 00:00:00,20100,18080800,0.001111676474492279,DDPMCD
Merthyr Tydfil,137,2022-07-18 00:00:00,2022-09-16 00:00:00,2400,18080800,0.0001327374894916154,DDPMCD
Merthyr Tydfil,138,2022-09-16 00:00:00,2022-11-25 00:00:00,21400,18080800,0.001183575947966904,DDPMCD
Merthyr Tydfil,139,2022-11-25 00:00:00,2023-01-19 00:00:00,89800,18080800,0.004966594398477944,DDPMCD
Merthyr Tydfil,140,2023-01-19 00:00:00,2023-05-24 00:00:00,0,18080800,0.0,DDPMCD
Merthyr Tydfil_baseline,141,2021-01-09 00:00:00,2021-03-25 00:00:00,135400,17366000,0.007796844408614534,DDPMCD
Merthyr Tydfil_baseline,142,2021-03-25 00:00:00,2021-05-19 00:00:00,14500,17366000,0.0008349648738915121,DDPMCD
Merthyr Tydfil_baseline,143,2021-05-19 00:00:00,2021-07-18 00:00:00,0,17366000,0.0,DDPMCD
Merthyr Tydfil_baseline,144,2021-07-18 00:00:00,2021-09-06 00:00:00,0,17366000,0.0,DDPMCD
Merthyr Tydfil_baseline,145,2021-09-06 00:00:00,2021-11-25 00:00:00,0,17366000,0.0,DDPMCD
Merthyr Tydfil_baseline,146,2021-11-25 00:00:00,2022-01-14 00:00:00,0,17366000,0.0,DDPMCD
Merthyr Tydfil_baseline,147,2022-01-14 00:00:00,2022-03-20 00:00:00,0,17366000,0.0,DDPMCD
Merthyr Tydfil_baseline,148,2022-03-20 00:00:00,2022-05-14 00:00:00,72400,17366000,0.0041690659910169296,DDPMCD
Merthyr Tydfil_baseline,149,2022-05-14 00:00:00,2022-07-18 00:00:00,1600,17366000,9.21340550500979e-05,DDPMCD
Merthyr Tydfil_baseline,150,2022-07-18 00:00:00,2022-09-16 00:00:00,0,17366000,0.0,DDPMCD
Merthyr Tydfil_baseline,151,2022-09-16 00:00:00,2022-11-25 00:00:00,700,17366000,4.030864908441783e-05,DDPMCD
Merthyr Tydfil_baseline,152,2022-11-25 00:00:00,2023-01-19 00:00:00,482600,17366000,0.027789934354485776,DDPMCD
Merthyr Tydfil_baseline,153,2023-01-19 00:00:00,2023-05-24 00:00:00,6300,17366000,0.0003627778417597605,DDPMCD
MetCoal,154,2019-01-06 00:00:00,2019-05-01 00:00:00,488600,55820400,0.008753072353476507,DDPMCD
MetCoal,155,2019-05-01 00:00:00,2019-07-15 00:00:00,184500,55820400,0.003305243244405271,DDPMCD
MetCoal,156,2019-07-15 00:00:00,2019-11-27 00:00:00,157200,55820400,0.002816174731818475,DDPMCD
MetCoal,157,2019-11-27 00:00:00,2020-01-21 00:00:00,23600,55820400,0.0004227845017233843,DDPMCD
MetCoal,158,2020-01-21 00:00:00,2020-05-20 00:00:00,59700,55820400,0.001069501472579917,DDPMCD
MetCoal,159,2020-05-20 00:00:00,2020-07-24 00:00:00,156400,55820400,0.0028018430537939533,DDPMCD
MetCoal,160,2020-07-24 00:00:00,2020-11-16 00:00:00,159500,55820400,0.0028573783061389742,DDPMCD
MetCoal_baseline,161,2019-01-06 00:00:00,2019-03-17 00:00:00,30900,51689700,0.0005977980139176664,DDPMCD
MetCoal_baseline,162,2019-03-17 00:00:00,2019-05-01 00:00:00,220900,51689700,0.004273578682019822,DDPMCD
MetCoal_baseline,163,2019-05-01 00:00:00,2019-07-15 00:00:00,17500,51689700,0.0003385587457462512,DDPMCD
MetCoal_baseline,164,2019-07-15 00:00:00,2019-09-23 00:00:00,9600,51689700,0.0001857236548093721,DDPMCD
MetCoal_baseline,165,2019-09-23 00:00:00,2019-11-27 00:00:00,44400,51689700,0.0008589719034933458,DDPMCD
MetCoal_baseline,166,2019-11-27 00:00:00,2020-01-21 00:00:00,29700,51689700,0.0005745825570664948,DDPMCD
MetCoal_baseline,167,2020-01-21 00:00:00,2020-03-11 00:00:00,25700,51689700,0.0004971977008959232,DDPMCD
MetCoal_baseline,168,2020-03-11 00:00:00,2020-05-20 00:00:00,5200,51689700,0.00010060031302174322,DDPMCD
MetCoal_baseline,169,2020-05-20 00:00:00,2020-07-24 00:00:00,41100,51689700,0.0007951293971526243,DDPMCD
MetCoal_baseline,170,2020-07-24 00:00:00,2020-11-16 00:00:00,9000,51689700,0.00017411592638378633,DDPMCD
Ubuntu,171,2019-01-12 00:00:00,2019-03-28 00:00:00,17800,8738100,0.002037056110596125,DDPMCD
Ubuntu,172,2019-03-28 00:00:00,2019-05-17 00:00:00,9900,8738100,0.0011329694098259346,DDPMCD
Ubuntu,173,2019-05-17 00:00:00,2019-07-16 00:00:00,128300,8738100,0.014682825785926001,DDPMCD
Ubuntu,174,2019-07-16 00:00:00,2019-09-19 00:00:00,506700,8738100,0.057987434339272836,DDPMCD
Ubuntu,175,2019-09-19 00:00:00,2019-11-28 00:00:00,799400,8738100,0.09148441880958103,DDPMCD
Ubuntu,176,2019-11-28 00:00:00,2020-01-27 00:00:00,420500,8738100,0.048122589578970254,DDPMCD
Ubuntu,177,2020-01-27 00:00:00,2020-03-07 00:00:00,260100,8738100,0.029766196312699555,DDPMCD
Ubuntu,178,2020-03-07 00:00:00,2020-05-21 00:00:00,253400,8738100,0.028999439237362812,DDPMCD
Ubuntu,179,2020-05-21 00:00:00,2020-07-20 00:00:00,199200,8738100,0.02279671782195214,DDPMCD
Ubuntu,180,2020-07-20 00:00:00,2020-09-18 00:00:00,179800,8738100,0.02057655554411142,DDPMCD
Ubuntu,181,2020-09-18 00:00:00,2020-11-07 00:00:00,629800,8738100,0.0720751650816539,DDPMCD
Ubuntu,182,2020-11-07 00:00:00,2021-01-21 00:00:00,342800,8738100,0.039230496332154585,DDPMCD
Ubuntu,183,2021-01-21 00:00:00,2021-03-27 00:00:00,120100,8738100,0.01374440667879745,DDPMCD
Ubuntu,184,2021-03-27 00:00:00,2021-05-26 00:00:00,200100,8738100,0.022899715041027224,DDPMCD
Ubuntu,185,2021-05-26 00:00:00,2021-07-10 00:00:00,170600,8738100,0.019523695082454995,DDPMCD
Ubuntu,186,2021-07-10 00:00:00,2021-09-03 00:00:00,221600,8738100,0.025360204163376476,DDPMCD
Ubuntu,187,2021-09-03 00:00:00,2021-11-02 00:00:00,701400,8738100,0.08026916606584955,DDPMCD
Ubuntu_baseline,188,2019-01-12 00:00:00,2019-03-28 00:00:00,0,8523800,0.0,DDPMCD
Ubuntu_baseline,189,2019-03-28 00:00:00,2019-05-17 00:00:00,0,8523800,0.0,DDPMCD
Ubuntu_baseline,190,2019-05-17 00:00:00,2019-07-16 00:00:00,20600,8523800,0.002416762476829583,DDPMCD
Ubuntu_baseline,191,2019-07-16 00:00:00,2019-09-19 00:00:00,49300,8523800,0.0057838053450339055,DDPMCD
Ubuntu_baseline,192,2019-09-19 00:00:00,2019-11-28 00:00:00,24500,8523800,0.002874304887491494,DDPMCD
Ubuntu_baseline,193,2019-11-28 00:00:00,2020-01-27 00:00:00,2400,8523800,0.00028156456040733007,DDPMCD
Ubuntu_baseline,194,2020-01-27 00:00:00,2020-03-07 00:00:00,19300,8523800,0.002264248339942279,DDPMCD
Ubuntu_baseline,195,2020-03-07 00:00:00,2020-05-21 00:00:00,0,8523800,0.0,DDPMCD
Ubuntu_baseline,196,2020-05-21 00:00:00,2020-07-20 00:00:00,12100,8523800,0.001419554658720289,DDPMCD
Ubuntu_baseline,197,2020-07-20 00:00:00,2020-09-18 00:00:00,56300,8523800,0.006605035312888617,DDPMCD
Ubuntu_baseline,198,2020-09-18 00:00:00,2020-11-07 00:00:00,13700,8523800,0.001607264365658509,DDPMCD
Ubuntu_baseline,199,2020-11-07 00:00:00,2021-01-21 00:00:00,0,8523800,0.0,DDPMCD
Ubuntu_baseline,200,2021-01-21 00:00:00,2021-03-27 00:00:00,0,8523800,0.0,DDPMCD
Ubuntu_baseline,201,2021-03-27 00:00:00,2021-05-26 00:00:00,0,8523800,0.0,DDPMCD
Ubuntu_baseline,202,2021-05-26 00:00:00,2021-07-10 00:00:00,27400,8523800,0.003214528731317018,DDPMCD
Ubuntu_baseline,203,2021-07-10 00:00:00,2021-09-03 00:00:00,11000,8523800,0.0012905042352002627,DDPMCD
Ubuntu_baseline,204,2021-09-03 00:00:00,2021-11-02 00:00:00,19200,8523800,0.0022525164832586405,DDPMCD
